date,Debbie Schlussel ,Caroline Heldman,Scottie Nell Hughes,Gloria Walker,Eden Rohatensky,Amanda Schmitt,Alissa McKendrick,Helena Donahue,Ben Ryan,Kallie Plagge, Brooke Nevils,Suki Kim,Jami Cantor,Lisa,Kerry Nolan,Liliana Segura,Kristen Gwynne,Tana Ganeva,Joanna Fuertes-Knight,Amanda Rue,Gabrielle Schaefer,Wendy Sigal,Leigh Corfman,Beverly Young Nelson,Tina Johnson,Becky Gray,Anastasia Taylor-Lind,Stephanie Sinclair,Kate Kelly,Simone Grimes,Rose McGowan,Annabella Sciorra,Mira Sorvino,Salma Hayek,Lucia Evans,Paz de la Huerta,Gwyneth Paltrow,Mimi Haleyi,Dominique Huett,Natassia Malthe,Lysette Anthony,Angelina Jolie,Uma Thurman,Heather Graham,Zoe Brock,Louisette Geiss,Michelle Manning Barish,Tanya Selvaratnam,Sarah Schacht,Erie Meyer,Erica Vladimer,Joy Villa,M. Reese Everson,Tatiana Maxwell,Maranda Richmond,Paige Carnes,Alexandra Waterbury,Jimmy Bennett,Michael Zakar,Zach Zakar,Alan Arkin,Chloe Melas,James Frost-Winn,Rhett Rowan,Robyn Byrd,Star Simpson,Delilah Burke,Quinn Norton,Cheryl Yeoh,Susan J. Fowler,Nimrod Reitman,Valerie Sulfaro,Jazmine Walker,Terry Karl,Ariana Kukors,Sara Rabuse,Jamie Leigh Hogan
2016-07-03,0.0,0.0,0.0684931506849315,0.00756,0.0,0.0,0.0,0.01134,0.19,0.0,0.0,0.03,0.0,51.91298458249619,0.0,0.0,0.0,0.0,0.0,0.0,0.0,0.0,0.0,0.0,0.08,0.0,0.0063,0.0,0.18,0.00504,1.4832281309284627,0.024390243902439025,0.125,2.9664562618569255,0.0,0.08,3.8947368421052633,0.0,0.0,0.029411764705882353,0.06666666666666667,11.865825047427702,1.1853959222380275,0.6744186046511628,0.0,0.0,0.0,0.011904761904761904,0.0,0.0,0.0,0.0,0.0,0.0,0.0,0.0,0.0,0.0,0.0,0.0,0.07547169811320754,0.01,0.0,0.0,0.01,0.1,0.0,0.01,0.0,0.0,0.0,0.0,0.0,0.00756,0.010309278350515464,0.0,0.0
2016-07-10,0.02857142857142857,0.024096385542168676,0.0273972602739726,0.00504,0.0,0.0,0.00756,0.017640000000000003,0.21,0.01,0.0,0.01,0.0,47.46330018971081,0.0,0.008820000000000001,0.0,0.0,0.0,0.0,0.0063,0.0,0.0,0.0,0.03,0.0,0.008820000000000001,0.008820000000000001,0.21,0.0,0.0,0.04878048780487805,0.21875,2.9664562618569255,0.0,0.12,3.5789473684210527,0.0,0.0,0.029411764705882353,0.03333333333333333,10.38259691649924,1.1853959222380275,0.7209302325581395,0.01,0.01,0.0,0.0,0.0,0.0,0.0,0.0,0.0,0.01386,0.0,0.0,0.0,0.0,0.0,0.0,0.03773584905660377,0.0,0.02772,0.008820000000000001,0.01,0.08,0.0,0.01,0.01,0.01,0.0,0.0,0.0,0.0,0.0,0.00756,0.0
2016-07-17,0.02857142857142857,0.0,0.1643835616438356,0.0126,0.00504,0.00504,0.0,0.0,0.2,0.0,0.0,0.02,0.0,47.46330018971081,0.0,0.0,0.0,0.0,0.0,0.0063,0.0,0.0,0.0,0.01,0.03,0.0,0.0,0.00756,0.19,0.0063,0.0,0.04878048780487805,0.21875,2.9664562618569255,0.0,0.04,4.052631578947368,0.01,0.0,0.029411764705882353,0.03333333333333333,10.38259691649924,1.1853959222380275,0.5930232558139535,0.0,0.0,0.0,0.0,0.0,0.0,0.0,0.0,0.0,0.0,0.0,0.0,0.0,0.0,0.0,0.0,0.07547169811320754,0.0,0.0063,0.0,0.01,0.08,0.01008,0.0,0.01,0.0,0.0,0.0,0.0,0.008820000000000001,0.0,0.0,0.0
2016-07-24,0.02857142857142857,0.0,0.5753424657534246,0.0063,0.0,0.0,0.0,0.0,0.25,0.0,0.0,0.01,0.0,51.91298458249619,0.0,0.0,0.0,0.0,0.0,0.0,0.01008,0.0,0.0,0.0,0.02,0.01386,0.0,0.00504,0.2,0.00756,1.4832281309284627,0.04878048780487805,0.375,2.9664562618569255,0.0,0.04,3.8947368421052633,0.0,0.0,0.0,0.03333333333333333,10.38259691649924,0.9878299351983563,0.5232558139534884,0.0,0.0,0.0,0.0,0.0,0.0,0.0,0.0,0.0,0.0,0.0,0.0,0.01,0.0,0.0,0.0,0.05660377358490566,0.01,0.0,0.01008,0.01,0.12,0.0,0.02,0.0,0.02,0.01,0.0,0.01512,0.01386,0.010309278350515464,0.0,0.0063
2016-07-31,0.0,0.012048192771084338,0.2054794520547945,0.0063,0.0,0.0,0.0,0.0,0.25,0.01,0.0,0.02,0.0,47.46330018971081,0.017640000000000003,0.0,0.0,0.0,0.0,0.0126,0.0,0.0,0.0,0.0,0.02,0.0,0.008820000000000001,0.0,0.16,0.0,0.0,0.07317073170731707,0.15625,4.449684392785388,0.0,0.04,4.105263157894737,0.0,0.0,0.029411764705882353,0.03333333333333333,8.899368785570775,1.1853959222380275,0.5465116279069767,0.01,0.0,0.0,0.0,0.0,0.0,0.0,0.0,0.0,0.0,0.01,0.0,0.01,0.0,0.0,0.0,0.07547169811320754,0.0,0.0,0.0,0.0,0.13,0.017640000000000003,0.01,0.0,0.0,0.0,0.0,0.00756,0.0,0.0,0.0,0.0
2016-08-07,0.0,0.0,0.0821917808219178,0.0,0.0,0.01386,0.0,0.0,0.35,0.01,0.0,0.0,0.0,53.39621271342466,0.0,0.0,0.01512,0.0,0.0,0.0,0.0,0.00756,0.0,0.0,0.03,0.0,0.016380000000000002,0.0,0.13,0.0,0.0,0.04878048780487805,0.1875,2.9664562618569255,0.0,0.08,3.736842105263158,0.0,0.0,0.0,0.03333333333333333,10.38259691649924,1.1853959222380275,0.5465116279069767,0.0,0.0,0.0,0.0,0.0,0.0,0.0,0.0,0.0,0.00756,0.0,0.01,0.0,0.0,0.0,0.0,0.07547169811320754,0.0,0.0,0.0,0.0,0.09,0.0,0.02,0.02,0.0,0.0,0.0,0.0,0.0189,0.0,0.0,0.0
2016-08-14,0.0,0.0,0.0547945205479452,0.0,0.0,0.0,0.0,0.0,0.31,0.01,0.0,0.01,0.0,50.429756451567734,0.0,0.0,0.0,0.0,0.0,0.0,0.0063,0.0,0.0,0.0,0.01,0.0,0.0,0.0126,0.15,0.0,0.0,0.07317073170731707,0.1875,2.9664562618569255,0.0,0.08,4.315789473684211,0.01,0.0,0.029411764705882353,0.06666666666666667,11.865825047427702,0.7902639481586851,0.5116279069767442,0.0,0.01,0.0,0.0,0.03906,0.0,0.0,0.0,0.0,0.0,0.0,0.0,0.0,0.0,0.0,0.0,0.05660377358490566,0.0,0.0,0.0,0.0,0.06,0.0,0.01,0.0,0.0,0.0,0.0,0.0,0.0126,0.0,0.0063,0.0
2016-08-21,0.02857142857142857,0.0,0.0684931506849315,0.017640000000000003,0.0,0.0,0.0,0.0,0.3,0.0,0.0,0.03,0.0,54.87944084435312,0.01386,0.0063,0.0,0.0,0.0,0.0063,0.0,0.0063,0.0,0.0,0.03,0.008820000000000001,0.0,0.0,0.15,0.0,0.0,0.04878048780487805,0.15625,2.9664562618569255,0.0,0.04,4.421052631578948,0.0,0.0,0.029411764705882353,0.06666666666666667,19.281965702070018,0.9878299351983563,0.7441860465116279,0.0,0.0,0.0,0.011904761904761904,0.008820000000000001,0.00756,0.0,0.0,0.0,0.0,0.0,0.0,0.02,0.0,0.0,0.0,0.11320754716981132,0.01,0.0,0.0,0.0,0.06,0.0,0.01,0.01,0.0,0.0,0.0,0.0,0.01512,0.010309278350515464,0.0,0.0
2016-08-28,0.0,0.0,0.1232876712328767,0.01386,0.0,0.0,0.0,0.0,0.31,0.0,0.0,0.02,0.0,50.429756451567734,0.0,0.0,0.0,0.0,0.0,0.01008,0.0,0.01134,0.0,0.0,0.03,0.01008,0.0,0.0,0.15,0.0,1.4832281309284627,0.04878048780487805,0.1875,4.449684392785388,0.0,0.08,4.421052631578948,0.0,0.0,0.029411764705882353,0.06666666666666667,11.865825047427702,1.1853959222380275,0.5581395348837209,0.0,0.01,0.0,0.023809523809523808,0.0,0.0063,0.0,0.0,0.0,0.0,0.0,0.0,0.0,0.0,0.0,0.0,0.03773584905660377,0.01,0.0,0.01386,0.0,0.07,0.0,0.0,0.0,0.01,0.0,0.0,0.0,0.0,0.0,0.0,0.0
2016-09-04,0.0,0.012048192771084338,0.0410958904109589,0.00756,0.0,0.008820000000000001,0.0,0.0,0.25,0.0,0.0,0.01,0.0,44.49684392785388,0.0189,0.0,0.0,0.0,0.0,0.0126,0.01008,0.0,0.0,0.0,0.03,0.00756,0.0,0.0,0.18,0.0,0.0,0.024390243902439025,0.15625,4.449684392785388,0.0,0.08,4.7894736842105265,0.0,0.0,0.0,0.03333333333333333,10.38259691649924,0.9878299351983563,0.5465116279069767,0.01,0.01,0.0,0.0,0.01512,0.0,0.0,0.0,0.01008,0.0,0.0,0.01,0.0,0.0,0.0,0.0,0.05660377358490566,0.0,0.0,0.0,0.0,0.08,0.0,0.0,0.0,0.0,0.0,0.0,0.0,0.008820000000000001,0.0,0.0,0.0
2016-09-11,0.0,0.024096385542168676,0.0410958904109589,0.01386,0.0,0.00756,0.0,0.0,0.21,0.0,0.0,0.08,0.0,47.46330018971081,0.0,0.0,0.01134,0.00504,0.0,0.00756,0.0,0.0,0.0,0.02,0.05,0.0,0.0,0.0,0.16,0.0063,0.0,0.024390243902439025,0.125,2.9664562618569255,0.0,0.04,4.2105263157894735,0.0,0.0,0.0,0.06666666666666667,8.899368785570775,0.9878299351983563,0.5,0.0,0.0,0.0,0.0,0.00504,0.0,0.008820000000000001,0.0,0.0,0.0,0.0,0.0,0.0,0.0,0.0,0.0,0.07547169811320754,0.0,0.01134,0.0,0.0,0.08,0.0,0.0,0.01,0.0,0.0,0.01512,0.0063,0.0,0.010309278350515464,0.0,0.0
2016-09-18,0.0,0.012048192771084338,0.0273972602739726,0.01386,0.0,0.01008,0.0,0.0,0.29,0.0,0.0,0.01,0.0,44.49684392785388,0.0,0.0,0.008820000000000001,0.0,0.0,0.0,0.0,0.0,0.0,0.0,0.03,0.0063,0.0,0.008820000000000001,0.12,0.0,0.0,0.04878048780487805,0.15625,2.9664562618569255,0.0,0.08,4.368421052631579,0.0,0.0,0.029411764705882353,0.06666666666666667,127.5576192598478,1.1853959222380275,0.4069767441860465,0.01,0.0,0.0,0.0,0.02772,0.0,0.0,0.0,0.0,0.00504,0.0,0.0,0.01,0.0,0.0,0.008820000000000001,0.05660377358490566,0.0,0.0,0.0,0.0,0.07,0.0,0.0,0.0,0.0,0.0,0.0,0.0,0.0,0.010309278350515464,0.0,0.0
2016-09-25,0.0,0.0,0.0958904109589041,0.01008,0.0,0.02646,0.0,0.00756,0.28,0.0,0.0,0.04,0.0,47.46330018971081,0.0,0.0,0.00504,0.00504,0.0,0.0063,0.0,0.0063,0.0,0.0,0.03,0.00756,0.00504,0.0,0.16,0.0,0.0,0.024390243902439025,0.15625,2.9664562618569255,0.0,0.08,3.5789473684210527,0.01,0.0,0.029411764705882353,0.06666666666666667,40.047159535068495,0.9878299351983563,0.5348837209302325,0.01,0.02,0.0,0.0,0.0,0.0,0.0,0.0,0.0,0.0,0.0,0.0,0.0,0.0,0.0,0.0,0.07547169811320754,0.0,0.00504,0.0,0.0,0.06,0.0,0.0,0.0,0.01,0.0,0.0,0.0126,0.0,0.010309278350515464,0.0,0.0
2016-10-02,0.0,0.0,0.5068493150684932,0.008820000000000001,0.0,0.01512,0.0,0.00756,0.26,0.01,0.0,0.01,0.0,45.98007205878235,0.0,0.0,0.0,0.0,0.0,0.008820000000000001,0.0,0.0,0.0,0.0,0.03,0.00504,0.0126,0.0,0.11,0.0,0.0,0.04878048780487805,0.125,2.9664562618569255,0.0,0.12,3.1578947368421053,0.0,0.0,0.029411764705882353,0.03333333333333333,23.731650094855404,0.9878299351983563,0.46511627906976744,0.0,0.0,0.0,0.0,0.008820000000000001,0.0,0.0,0.0,0.0,0.0,0.0,0.0,0.0,0.0,0.0,0.0,0.03773584905660377,0.01,0.00504,0.0,0.0,0.07,0.0,0.0,0.01,0.0,0.0,0.0,0.0,0.01134,0.010309278350515464,0.0,0.0
2016-10-09,0.0,0.024096385542168676,0.6164383561643836,0.0,0.0,0.0,0.0,0.01008,0.23,0.0,0.0189,0.01,0.0,44.49684392785388,0.0,0.00756,0.0,0.0,0.0,0.016380000000000002,0.0,0.0,0.01,0.0,0.03,0.00756,0.0,0.01134,0.19,0.0,1.4832281309284627,0.024390243902439025,0.09375,2.9664562618569255,0.0,0.08,3.0,0.01,0.01,0.029411764705882353,0.03333333333333333,19.281965702070018,1.1853959222380275,0.4883720930232558,0.0,0.01,0.0,0.0,0.0,0.0,0.0,0.0,0.0,0.0,0.0,0.0,0.03,0.0,0.0,0.0,0.05660377358490566,0.0,0.0,0.0,0.01,0.09,0.008820000000000001,0.01,0.0,0.0,0.0,0.0,0.0,0.0,0.010309278350515464,0.0,0.0
2016-10-16,0.02857142857142857,0.0,0.2602739726027397,0.01134,0.0,0.0,0.008820000000000001,0.0,0.19,0.01,0.0,0.01,0.0,47.46330018971081,0.0,0.0,0.0,0.02016,0.0,0.00756,0.02016,0.0,0.01,0.0,0.02,0.0,0.0,0.0,0.14,0.0,2.9664562618569255,0.024390243902439025,0.125,2.9664562618569255,0.0,0.04,1.894736842105263,0.0,0.0,0.0,0.03333333333333333,16.31550944021309,0.9878299351983563,0.5116279069767442,0.01,0.0,0.0,0.0,0.0,0.0,0.01134,0.0,0.0,0.0,0.0,0.0,0.01,0.0,0.0,0.0,0.05660377358490566,0.0,0.0,0.0063,0.01,0.09,0.0,0.01,0.0,0.0,0.01,0.0,0.0063,0.0,0.0,0.0126,0.0
2016-10-23,0.0,0.012048192771084338,0.2328767123287671,0.0,0.0,0.0,0.01386,0.0,0.2,0.0,0.0,0.01,0.0,48.946528320639274,0.0,0.01008,0.0,0.0,0.0,0.02142,0.0,0.0,0.0,0.0,0.02,0.0,0.0,0.00504,0.17,0.0,0.0,0.04878048780487805,0.125,2.9664562618569255,0.0,0.04,3.0,0.0,0.0,0.029411764705882353,0.03333333333333333,14.832281309284628,1.3829619092776988,0.47674418604651164,0.01,0.0,0.02,0.0,0.0,0.0,0.0,0.0,0.01512,0.0,0.0,0.0,0.0,0.0,0.0,0.00756,0.03773584905660377,0.0,0.0,0.0,0.0,0.07,0.0,0.0,0.01,0.0,0.0,0.0,0.01512,0.0063,0.0,0.0,0.0
2016-10-30,0.0,0.0,0.0958904109589041,0.01008,0.0,0.0,0.0,0.0,0.2,0.0,0.0,0.0,0.0,50.429756451567734,0.00756,0.0,0.0063,0.0,0.0,0.0063,0.0,0.0,0.01,0.02,0.03,0.0,0.0,0.00756,0.14,0.0063,1.4832281309284627,0.04878048780487805,0.15625,2.9664562618569255,0.0,0.04,3.473684210526316,0.0,0.0,0.029411764705882353,0.03333333333333333,13.349053178356165,1.3829619092776988,0.5930232558139535,0.01,0.0,0.0,0.0,0.0,0.0,0.0,0.0,0.0,0.01008,0.0,0.01,0.01,0.0,0.0,0.0,0.03773584905660377,0.0,0.0,0.0,0.0,0.06,0.0,0.01,0.0,0.0,0.01,0.0,0.00756,0.0,0.0,0.0,0.0
2016-11-06,0.02857142857142857,0.012048192771084338,0.2465753424657534,0.01386,0.0,0.0,0.0,0.0,0.18,0.01,0.0,0.0,0.0,50.429756451567734,0.0,0.02016,0.0,0.0,0.0,0.00504,0.01008,0.0063,0.0,0.0,0.03,0.0063,0.0,0.01008,0.16,0.0,1.4832281309284627,0.024390243902439025,0.125,2.9664562618569255,0.0,0.04,2.1578947368421053,0.0,0.0,0.029411764705882353,0.03333333333333333,11.865825047427702,0.9878299351983563,0.47674418604651164,0.0,0.0,0.0,0.0,0.0,0.0,0.0,0.0,0.0,0.0,0.0,0.0,0.0,0.0,0.0,0.01008,0.05660377358490566,0.0,0.0,0.0,0.01,0.07,0.0,0.01,0.01,0.01,0.0,0.0,0.00504,0.0,0.0,0.0,0.0
2016-11-13,0.0,0.012048192771084338,0.0410958904109589,0.008820000000000001,0.0,0.0,0.0,0.0,0.25,0.03,0.0,0.0,0.0,72.67817841549467,0.0,0.0,0.0,0.0,0.0,0.01134,0.0,0.0,0.0,0.0,0.03,0.0,0.0,0.0,0.18,0.0,0.0,0.04878048780487805,0.125,2.9664562618569255,0.0,0.04,1.368421052631579,0.0,0.0,0.029411764705882353,0.16666666666666666,10.38259691649924,0.9878299351983563,0.47674418604651164,0.0,0.0,0.0,0.011904761904761904,0.0,0.0,0.0,0.0,0.0,0.0,0.02,0.0,0.0,0.0,0.0,0.0063,0.03773584905660377,0.0,0.00756,0.0,0.0,0.05,0.0,0.0,0.0,0.0,0.0,0.0,0.008820000000000001,0.01008,0.0,0.0,0.01386
2016-11-20,0.0,0.012048192771084338,0.0410958904109589,0.0,0.0,0.00756,0.0,0.0,0.2,0.01,0.0,0.0,0.0,51.91298458249619,0.00756,0.0,0.01386,0.0,0.0,0.0126,0.0,0.0,0.0,0.0,0.02,0.0,0.0,0.0,0.18,0.0,2.9664562618569255,0.04878048780487805,0.1875,2.9664562618569255,0.0,0.08,1.5263157894736843,0.0,0.01,0.0,0.06666666666666667,11.865825047427702,0.9878299351983563,0.6046511627906976,0.0,0.0,0.01,0.0,0.0,0.0,0.0,0.0,0.00504,0.0,0.0,0.0,0.01,0.0,0.0,0.0,0.07547169811320754,0.0,0.00504,0.0,0.0,0.04,0.0,0.0,0.0,0.0,0.0,0.0,0.0,0.0,0.0,0.0,0.0
2016-11-27,0.0,0.012048192771084338,0.1095890410958904,0.01008,0.0,0.0,0.0,0.00504,0.19,0.0,0.0,0.01,0.0,50.429756451567734,0.00504,0.0063,0.0,0.0,0.0,0.02016,0.0,0.0063,0.0,0.0,0.02,0.0,0.0,0.0315,0.16,0.0,2.9664562618569255,0.04878048780487805,0.15625,2.9664562618569255,0.0,0.04,1.5263157894736843,0.01,0.02,0.0,0.03333333333333333,11.865825047427702,1.1853959222380275,0.6744186046511628,0.0,0.0,0.0,0.0,0.0,0.0,0.0,0.0,0.0,0.0,0.0,0.01,0.0,0.0,0.0,0.0,0.05660377358490566,0.0,0.0,0.00756,0.0,0.07,0.0,0.01,0.0,0.0,0.0,0.00756,0.0,0.01134,0.010309278350515464,0.0,0.0063
2016-12-04,0.02857142857142857,0.0,0.0684931506849315,0.02142,0.0,0.0,0.0,0.0,0.22,0.01,0.00504,0.01,0.0,44.49684392785388,0.0,0.0,0.0189,0.0,0.0,0.00504,0.0,0.0,0.0,0.01,0.03,0.0063,0.0,0.00504,0.15,0.0,1.4832281309284627,0.024390243902439025,0.15625,2.9664562618569255,0.0,0.04,3.1052631578947367,0.0,0.0,0.029411764705882353,0.03333333333333333,10.38259691649924,0.7902639481586851,0.5581395348837209,0.0,0.01,0.0,0.0,0.00504,0.00504,0.0,0.0,0.008820000000000001,0.0,0.0,0.0,0.0,0.0,0.0,0.01008,0.05660377358490566,0.01,0.008820000000000001,0.0126,0.0,0.06,0.0,0.0,0.01,0.0,0.0,0.0,0.0,0.00756,0.0,0.0,0.00504
2016-12-11,0.0,0.012048192771084338,0.0136986301369863,0.0,0.0,0.017640000000000003,0.0,0.0,0.28,0.01,0.0,0.01,0.0,45.98007205878235,0.0,0.0,0.0,0.00756,0.0,0.0,0.0,0.0,0.0,0.0,0.04,0.0,0.0,0.0,0.14,0.0,0.0,0.04878048780487805,0.1875,1.4832281309284627,0.045454545454545456,0.04,3.0526315789473686,0.01,0.0,0.029411764705882353,0.06666666666666667,10.38259691649924,0.9878299351983563,0.5116279069767442,0.0,0.0,0.0,0.0,0.0,0.0,0.0,0.0,0.0,0.0,0.0,0.0,0.0,0.0,0.02394,0.0,0.11320754716981132,0.01,0.0,0.0,0.0,0.09,0.017640000000000003,0.01,0.0,0.0,0.0,0.0,0.0,0.01008,0.0,0.0,0.017640000000000003
2016-12-18,0.0,0.0,0.0,0.01386,0.0,0.0,0.0,0.0,0.22,0.02,0.0,0.02,0.0,47.46330018971081,0.0,0.0,0.0,0.0,0.0,0.0063,0.0,0.0,0.0,0.0,0.02,0.0,0.0,0.008820000000000001,0.16,0.0063,1.4832281309284627,0.024390243902439025,0.5,2.9664562618569255,0.0,0.04,2.736842105263158,0.01,0.01,0.029411764705882353,0.03333333333333333,10.38259691649924,0.7902639481586851,0.5232558139534884,0.0,0.0,0.0,0.0,0.0,0.0,0.0,0.0,0.00504,0.0,0.0,0.01,0.0,0.0,0.0,0.0,0.1320754716981132,0.0,0.0,0.0,0.0,0.09,0.0,0.01,0.0,0.01,0.01,0.0,0.0,0.01008,0.0,0.0063,0.00756
2016-12-25,0.02857142857142857,0.0,0.0,0.0252,0.00756,0.0,0.0,0.0,0.24,0.01,0.0,0.01,0.0,48.946528320639274,0.00504,0.0,0.0,0.0,0.0,0.0,0.01134,0.0,0.0,0.0,0.04,0.0063,0.0,0.0252,0.16,0.008820000000000001,1.4832281309284627,0.07317073170731707,0.375,2.9664562618569255,0.0,0.08,2.6315789473684212,0.0,0.0,0.029411764705882353,0.03333333333333333,11.865825047427702,1.1853959222380275,0.5930232558139535,0.01,0.0,0.0,0.0,0.00504,0.008820000000000001,0.0,0.0,0.0,0.0,0.0,0.0,0.0,0.0,0.0,0.02016,0.1320754716981132,0.01,0.0,0.0,0.01,0.09,0.0,0.0,0.0,0.0,0.0,0.0,0.0,0.02268,0.0,0.0,0.00756
2017-01-01,0.0,0.0,0.0136986301369863,0.00756,0.0,0.0,0.0,0.0,0.27,0.0,0.0,0.01,0.0,50.429756451567734,0.0,0.0,0.0,0.0,0.0,0.0,0.0,0.00504,0.0,0.01,0.04,0.0,0.0,0.02142,0.17,0.0,0.0,0.07317073170731707,0.1875,2.9664562618569255,0.0,0.04,2.526315789473684,0.01,0.0,0.029411764705882353,0.06666666666666667,13.349053178356165,0.9878299351983563,0.6976744186046512,0.03,0.01,0.01,0.0,0.0,0.0,0.0,0.0,0.00504,0.0,0.0,0.0,0.0,0.0,0.00504,0.01008,0.1509433962264151,0.0,0.0,0.0,0.0,0.09,0.0,0.01,0.0,0.0,0.0,0.0,0.0,0.01008,0.0,0.0,0.0
2017-01-08,0.0,0.0,0.0136986301369863,0.0063,0.00504,0.0,0.0,0.0,0.55,0.0,0.0,0.01,0.0,56.362668975281586,0.0,0.008820000000000001,0.0,0.0,0.0,0.0063,0.0,0.0,0.01,0.01,0.01,0.00756,0.0,0.016380000000000002,0.14,0.0,1.4832281309284627,0.04878048780487805,0.28125,2.9664562618569255,0.0,0.08,2.263157894736842,0.02,0.01,0.0,0.03333333333333333,11.865825047427702,1.1853959222380275,0.6162790697674418,0.0,0.0,0.01,0.0,0.0,0.0,0.0,0.0,0.0,0.008820000000000001,0.01,0.0,0.0,0.0,0.0,0.0,0.07547169811320754,0.0,0.0,0.008820000000000001,0.0,0.09,0.0,0.03,0.0,0.01,0.01,0.0,0.0,0.01386,0.0,0.0,0.0063
2017-01-15,0.0,0.0,0.0136986301369863,0.0,0.0,0.0,0.0,0.00504,0.43,0.0,0.0,0.01,0.0,57.845897106210046,0.0,0.0,0.0,0.0063,0.0,0.01134,0.0,0.0,0.0,0.0,0.03,0.0,0.0,0.0063,0.17,0.0,0.0,0.04878048780487805,0.15625,2.9664562618569255,0.0,0.08,2.3684210526315788,0.0,0.0,0.029411764705882353,0.03333333333333333,10.38259691649924,1.3829619092776988,0.5,0.0,0.0,0.0,0.0,0.0,0.0,0.0126,0.0,0.0,0.0,0.0,0.01,0.0,0.0,0.0,0.0,0.09433962264150944,0.01,0.0063,0.00504,0.0,0.09,0.0,0.02,0.01,0.0,0.0,0.0,0.0,0.0063,0.0,0.0,0.0
2017-01-22,0.0,0.0,0.0273972602739726,0.0,0.0,0.016380000000000002,0.00504,0.0,0.43,0.0,0.0,0.03,0.0,51.91298458249619,0.00504,0.0,0.0,0.0,0.0,0.0,0.0,0.0,0.01,0.0,0.05,0.0,0.0,0.0,0.2,0.0,0.0,0.04878048780487805,0.125,2.9664562618569255,0.0,0.08,2.473684210526316,0.0,0.0,0.029411764705882353,0.03333333333333333,10.38259691649924,1.3829619092776988,0.47674418604651164,0.0,0.01,0.0,0.0,0.0,0.0,0.0,0.0,0.0,0.0,0.0,0.01,0.0,0.0,0.008820000000000001,0.0,0.07547169811320754,0.0,0.0,0.0,0.0,0.08,0.0,0.01,0.0,0.0,0.0,0.0,0.0,0.008820000000000001,0.0,0.0,0.0
2017-01-29,0.0,0.0,0.0273972602739726,0.008820000000000001,0.0,0.0,0.0,0.0,0.23,0.01,0.0,0.01,0.0,47.46330018971081,0.01512,0.0,0.00504,0.0,0.0,0.00504,0.0,0.0,0.0,0.0,0.02,0.00378,0.0,0.0,0.17,0.0,0.0,0.07317073170731707,0.15625,2.9664562618569255,0.0,0.12,2.0526315789473686,0.0,0.0,0.0,0.03333333333333333,10.38259691649924,1.1853959222380275,0.6627906976744186,0.0,0.0,0.0,0.0,0.00504,0.0,0.0,0.0,0.00756,0.0,0.0,0.0,0.0,0.0,0.00504,0.0,0.05660377358490566,0.0,0.0,0.0,0.0,0.05,0.008820000000000001,0.0,0.0,0.0,0.01,0.0,0.0,0.0063,0.0,0.0,0.0
2017-02-05,0.0,0.012048192771084338,0.0273972602739726,0.0,0.0,0.0,0.0,0.0,0.24,0.0,0.0,0.01,0.0,48.946528320639274,0.0063,0.008820000000000001,0.017640000000000003,0.0,0.01008,0.01008,0.0063,0.01008,0.0,0.0,0.03,0.01008,0.0,0.00504,0.15,0.008820000000000001,0.0,0.04878048780487805,0.1875,2.9664562618569255,0.0,0.04,2.6842105263157894,0.0,0.01,0.0,0.03333333333333333,8.899368785570775,1.1853959222380275,0.5930232558139535,0.0,0.0,0.04,0.0,0.0,0.0,0.0,0.0,0.0,0.0,0.0,0.0,0.0,0.0,0.0,0.00504,0.05660377358490566,0.0,0.0,0.0,0.0,0.07,0.0,0.0,0.0,0.0,0.0,0.0,0.0,0.0,0.0,0.00504,0.01008
2017-02-12,0.0,0.0,0.0410958904109589,0.00504,0.0,0.0063,0.0,0.0,0.25,0.01,0.0,0.01,0.0,50.429756451567734,0.0,0.0,0.0,0.0,0.0,0.01386,0.0,0.0,0.01,0.0,0.02,0.0,0.0,0.00756,0.17,0.0,0.0,0.024390243902439025,0.1875,2.9664562618569255,0.0,0.04,4.105263157894737,0.0,0.0,0.029411764705882353,0.03333333333333333,10.38259691649924,0.9878299351983563,0.5232558139534884,0.0,0.0,0.0,0.0,0.0,0.0,0.02142,14.832281309284628,0.0,0.0,0.0,0.0,0.0,0.0,0.01008,0.0,0.09433962264150944,0.0,0.0,0.0,0.0,0.08,0.0,0.01,0.0,0.01,0.0,0.0,0.0,0.0,0.010309278350515464,0.0,0.0
2017-02-19,0.0,0.012048192771084338,0.0273972602739726,0.0126,0.00756,0.0,0.0,0.0,0.2,0.01,0.0,0.01,0.0,56.362668975281586,0.01008,0.0,0.0,0.0,0.0,0.0,0.0,0.0,0.0,0.0,0.02,0.0,0.0,0.01134,0.15,0.00504,0.0,0.04878048780487805,0.15625,2.9664562618569255,0.0,0.04,3.8947368421052633,0.01,0.0,0.0,0.03333333333333333,14.832281309284628,1.7780938833570412,0.5232558139534884,0.0,0.0,0.01,0.0,0.0,0.0,0.0,0.0,0.0,0.0,0.0,0.0,0.0,0.0,0.0,0.0,0.09433962264150944,0.0,0.0,0.0,0.0,0.09,0.0,0.01,0.0,0.18,0.01,0.0,0.0,0.0,0.0,0.0,0.0
2017-02-26,0.0,0.012048192771084338,0.0136986301369863,0.017640000000000003,0.0,0.0,0.0,0.0,0.55,0.0,0.0,0.01,0.0,50.429756451567734,0.0,0.0,0.0,0.0,0.00756,0.0,0.0,0.0,0.0,0.0,0.03,0.0063,0.0,0.01008,0.17,0.00756,0.0,0.04878048780487805,0.15625,4.449684392785388,0.0,0.04,3.9473684210526314,0.0,0.0,0.029411764705882353,0.06666666666666667,10.38259691649924,1.3829619092776988,0.5465116279069767,0.0,0.0,0.0,0.0,0.0,0.0,0.0,0.0,0.0,0.0,0.0,0.0,0.0,0.0,0.00504,0.0,0.07547169811320754,0.0,0.0,0.0,0.0,0.08,0.0,0.0,0.0,0.02,0.0,0.0,0.0,0.008820000000000001,0.0,0.0,0.0
2017-03-05,0.0,0.012048192771084338,0.0136986301369863,0.017640000000000003,0.00504,0.0063,0.0,0.0,0.26,0.0,0.0,0.02,0.0,45.98007205878235,0.0,0.01386,0.0063,0.0,0.0,0.0,0.0,0.0,0.0,0.0,0.03,0.0063,0.0,0.0126,0.17,0.0,0.0,0.04878048780487805,0.1875,2.9664562618569255,0.0,0.04,4.052631578947368,0.0,0.0,0.029411764705882353,0.03333333333333333,8.899368785570775,1.1853959222380275,0.5116279069767442,0.01,0.0,0.0,0.0,0.0,0.016380000000000002,0.0,0.0,0.0,0.0,0.0,0.0,0.0,0.0,0.0,0.0,0.09433962264150944,0.0,0.0,0.0,0.0,0.09,0.00756,0.01,0.0,0.0,0.02,0.0,0.00504,0.01008,0.0,0.0,0.0
2017-03-12,0.0,0.012048192771084338,0.0136986301369863,0.00756,0.00504,0.0,0.0,0.0,0.21,0.01,0.0,0.0,0.0,45.98007205878235,0.008820000000000001,0.0,0.0,0.0,0.0,0.00756,0.00756,0.0,0.0,0.0,0.02,0.0,0.00504,0.0126,0.13,0.0,1.4832281309284627,0.04878048780487805,0.15625,2.9664562618569255,0.0,0.04,4.2631578947368425,0.0,0.0,0.029411764705882353,0.03333333333333333,10.38259691649924,0.9878299351983563,0.5465116279069767,0.0,0.0,0.0,0.0,0.0,0.0,0.0,0.0,0.0,0.0,0.0,0.0,0.0,0.0,0.0,0.0063,0.20754716981132076,0.0,0.00504,0.008820000000000001,0.0,0.07,0.0,0.0,0.0,0.0,0.0,0.0,0.016380000000000002,0.0063,0.0,0.0,0.0
2017-03-19,0.0,0.0,0.0136986301369863,0.01008,0.0,0.0,0.0,0.0,0.21,0.01,0.0,0.01,0.0,45.98007205878235,0.0,0.0,0.0,0.0,0.0,0.01008,0.00504,0.0,0.0,0.0,0.02,0.0063,0.00504,0.0063,0.15,0.01008,1.4832281309284627,0.04878048780487805,0.15625,2.9664562618569255,0.0,0.04,4.473684210526316,0.0,0.0,0.0,0.03333333333333333,8.899368785570775,0.9878299351983563,0.47674418604651164,0.0,0.01,0.01,0.0,0.0063,0.0,0.0,0.0,0.0,0.0,0.0,0.01,0.0,0.0,0.0,0.0,0.24528301886792453,0.01,0.0,0.0,0.0,0.07,0.0,0.01,0.0,0.0,0.01,0.0,0.0,0.00756,0.0,0.0,0.00504
2017-03-26,0.0,0.024096385542168676,0.0,0.01008,0.0,0.0,0.0,0.0,0.18,0.0,0.0,0.01,0.0,45.98007205878235,0.0,0.0,0.00504,0.0,0.0,0.0063,0.0,0.0126,0.0,0.0,0.02,0.0,0.0,0.00504,0.15,0.0,0.0,0.04878048780487805,0.15625,1.4832281309284627,0.0,0.04,4.947368421052632,0.01,0.0,0.0,0.03333333333333333,8.899368785570775,0.9878299351983563,0.4883720930232558,0.01,0.0,0.0,0.0,0.00504,0.0,0.0,0.0,0.0,0.0,0.0,0.0,0.0,0.0,0.0,0.0,0.32075471698113206,0.01,0.0,0.0,0.0,0.07,0.0,0.0,0.0,0.0,0.0,0.0,0.0,0.00756,0.010309278350515464,0.0,0.00756
2017-04-02,0.0,0.012048192771084338,0.0,0.008820000000000001,0.0,0.0,0.0,0.00756,0.16,0.0,0.0,0.01,0.0,44.49684392785388,0.0,0.0,0.0,0.0,0.0,0.0063,0.0,0.01134,0.0,0.0,0.02,0.0063,0.0,0.008820000000000001,0.14,0.0,0.0,0.04878048780487805,0.1875,2.9664562618569255,0.0,0.04,4.368421052631579,0.01,0.0,0.0,0.0,7.416140654642314,0.9878299351983563,0.5116279069767442,0.0,0.0,0.0,0.0,0.0,0.0,0.01134,0.0,0.0,0.0,0.0,0.0,0.0,0.0,0.0,0.0,0.8113207547169812,0.02,0.0,0.0,0.0,0.05,0.0,0.02,0.0,0.0,0.0,0.0,0.0,0.0,0.0,0.0,0.00504
2017-04-09,0.0,0.0,0.0,0.017640000000000003,0.0,0.0,0.0,0.0,0.19,0.01,0.0,0.01,0.0,45.98007205878235,0.0,0.00504,0.0,0.0,0.0,0.0126,0.0,0.0,0.01,0.0,0.02,0.0,0.0,0.00504,0.11,0.0,0.0,0.024390243902439025,0.15625,2.9664562618569255,0.0,0.08,4.2105263157894735,0.0,0.0,0.029411764705882353,0.0,8.899368785570775,0.9878299351983563,0.5813953488372093,0.0,0.0,0.01,0.0,0.0,0.0,0.0,0.0,0.0,0.0,0.0,0.0,0.0,0.0,0.0,0.0,0.5471698113207547,0.0,0.0,0.0,0.0,0.05,0.0,0.01,0.0,0.0,0.0,0.0,0.0,0.01386,0.010309278350515464,0.0,0.0
2017-04-16,0.0,0.1927710843373494,0.0136986301369863,0.01008,0.0,0.0,0.0,0.0,0.19,0.01,0.0,0.01,0.0,45.98007205878235,0.0,0.0,0.0,0.0126,0.0,0.0,0.01512,0.0,0.0,0.0,0.02,0.00756,0.0,0.0,0.13,0.0,0.0,0.07317073170731707,0.15625,2.9664562618569255,0.0,0.04,4.2105263157894735,0.0,0.0,0.0,0.06666666666666667,8.899368785570775,0.9878299351983563,0.5116279069767442,0.0,0.0,0.0,0.0,0.017640000000000003,0.0,0.0,0.0,0.008820000000000001,0.0,0.0,0.0,0.0,0.0,0.0,0.0,0.33962264150943394,0.0,0.0,0.01134,0.0,0.06,0.0,0.01,0.0,0.0,0.0,0.00504,0.0,0.00756,0.0,0.0,0.0
2017-04-23,2.857142857142857,0.060240963855421686,0.0136986301369863,0.0126,0.00504,0.0,0.0,0.0,0.18,0.01,0.0,0.01,0.0,47.46330018971081,0.0,0.0,0.0,0.0,0.0063,0.00378,0.0,0.0,0.0,0.0,0.02,0.0,0.0,0.008820000000000001,0.13,0.0,0.0,0.04878048780487805,0.25,4.449684392785388,0.0,0.04,4.0,0.0,0.0,0.0,0.03333333333333333,7.416140654642314,0.9878299351983563,0.5697674418604651,0.0,0.0,0.0,0.0,0.0,0.0,0.0,0.0,0.0063,0.0,0.0,0.0,0.01,0.0,0.008820000000000001,0.0,0.24528301886792453,0.01,0.0,0.02016,0.0,0.06,0.0,0.03,0.0,0.0,0.0,0.008820000000000001,0.0,0.0063,0.0,0.0,0.0
2017-04-30,0.08571428571428572,0.012048192771084338,0.0136986301369863,0.0,0.0,0.00504,0.0,0.0,0.15,0.0,0.0,0.02,0.0,44.49684392785388,0.0,0.0,0.0126,0.0,0.0,0.0,0.0,0.0,0.02,0.02,0.05,0.0,0.0,0.0,0.15,0.0,1.4832281309284627,0.07317073170731707,0.1875,4.449684392785388,0.0,0.04,4.421052631578948,0.0,0.01,0.029411764705882353,0.06666666666666667,8.899368785570775,0.9878299351983563,0.5116279069767442,0.01,0.0,0.0,0.0,0.0063,0.0315,0.0,0.0,0.00504,0.0,0.02,0.0,0.0,0.0,0.0,0.0,0.20754716981132076,0.0,0.0,0.00504,0.01,0.05,0.00504,0.01,0.0,0.02,0.01,0.0,0.0,0.00756,0.0,0.0,0.0063
2017-05-07,0.0,0.0,0.0136986301369863,0.00504,0.00504,0.0126,0.0,0.0,0.14,0.0,0.0,0.01,0.0,44.49684392785388,0.0,0.00756,0.00504,0.0,0.00756,0.0126,0.0,0.01512,0.0,0.0,0.04,0.01512,0.0,0.0063,0.15,0.0,0.0,0.04878048780487805,0.125,2.9664562618569255,0.0,0.08,3.8947368421052633,0.02,0.0,0.029411764705882353,0.03333333333333333,7.416140654642314,0.9878299351983563,0.4418604651162791,0.0,0.0,0.0,0.0,0.0,0.0,0.00756,0.0,0.0,0.0,0.0,0.0,0.0,0.0,0.0,0.0,0.1509433962264151,0.02,0.0,0.0,0.0,0.06,0.0,0.0,0.0,0.0,0.0,0.0,0.0,0.0,0.0,0.0,0.0
2017-05-14,0.02857142857142857,0.012048192771084338,0.0273972602739726,0.0063,0.0,0.008820000000000001,0.0,0.0,0.19,0.0,0.0,0.02,0.0,43.013615796925414,0.00756,0.00756,0.0,0.0,0.0,0.0,0.0,0.0,0.0,0.0,0.02,0.0,0.0,0.01008,0.13,0.0,0.0,0.07317073170731707,0.125,2.9664562618569255,0.0,0.04,4.631578947368421,0.0,0.0,0.0,0.03333333333333333,7.416140654642314,1.1853959222380275,0.5232558139534884,0.0,0.0,0.0,0.0,0.0,0.0,0.0,0.0,0.0,0.0,0.0,0.02,0.0,0.0,0.0,0.0,0.1320754716981132,0.01,0.0,0.0,0.0,0.06,0.0,0.01,0.01,0.0,0.0,0.0,0.0,0.0,0.020618556701030927,0.0,0.0
2017-05-21,0.02857142857142857,0.012048192771084338,0.0136986301369863,0.0,0.0,0.0,0.0,0.0,0.19,0.01,0.00504,0.01,0.0,44.49684392785388,0.00504,0.008820000000000001,0.0,0.0,0.0,0.01008,0.0,0.0,0.0,0.0,0.02,0.0,0.0,0.0063,0.18,0.01512,0.0,0.04878048780487805,0.125,4.449684392785388,0.0,0.08,4.0,0.0,0.0,0.0,0.0,7.416140654642314,1.3829619092776988,0.6162790697674418,0.0,0.02,0.0,0.0,0.0,0.0126,0.0,0.0,0.0,0.0,0.0,0.01,0.0,0.0,0.0,0.0,0.11320754716981132,0.01,0.00504,0.0,0.02,0.07,0.01008,0.01,0.0,0.0,0.01,0.00504,0.0,0.0063,0.0,0.0,0.0
2017-05-28,0.02857142857142857,0.0,0.0136986301369863,0.0,0.0,0.0,0.0,0.0,0.19,0.01,0.0,0.0,0.0,41.53038766599696,0.0,0.0,0.0,0.0,0.0,0.016380000000000002,0.0,0.016380000000000002,0.0,0.01,0.03,0.0,0.0,0.0,0.14,0.01512,0.0,0.04878048780487805,0.125,2.9664562618569255,0.0,0.08,4.2631578947368425,0.01,0.0,0.0,0.03333333333333333,8.899368785570775,1.3829619092776988,0.627906976744186,0.0,0.01,0.0,0.0,0.00504,0.008820000000000001,0.0,0.0,0.0,0.0,0.0,0.0,0.0,0.0,0.00756,0.0,0.09433962264150944,0.0,0.0,0.0,0.01,0.09,0.0,0.0,0.0,0.0,0.0,0.00504,0.0,0.0063,0.0,0.01008,0.0
2017-06-04,0.02857142857142857,0.0,0.0136986301369863,0.0,0.0,0.0,0.0,0.0,0.17,0.01,0.0,0.05,0.0,44.49684392785388,0.008820000000000001,0.0,0.0,0.0,0.00504,0.01008,0.0,0.0,0.0,0.0,0.01,0.0,0.01134,0.017640000000000003,0.16,0.0,0.0,0.024390243902439025,0.09375,4.449684392785388,0.0,0.08,5.2631578947368425,0.0,0.0,0.029411764705882353,0.03333333333333333,8.899368785570775,0.9878299351983563,0.6162790697674418,0.0,0.0,0.01,0.011904761904761904,0.0,0.0063,0.0063,0.0,0.0,0.00756,0.0,0.0,0.0,0.0,0.0,0.0,0.09433962264150944,0.01,0.00504,0.0,0.0,0.04,0.0,0.01,0.0,0.0,0.0,0.01008,0.00756,0.0,0.0,0.0,0.0
2017-06-11,0.02857142857142857,0.0,0.0136986301369863,0.02142,0.0,0.00504,0.0,0.0,0.18,0.0,0.0,0.02,0.0,41.53038766599696,0.0,0.0,0.0,0.0,0.0,0.0,0.0,0.0,0.0,0.0,0.02,0.0,0.0,0.008820000000000001,0.19,0.0,0.0,0.04878048780487805,0.125,4.449684392785388,0.0,0.04,4.473684210526316,0.0,0.0,0.0,0.03333333333333333,7.416140654642314,1.1853959222380275,0.4883720930232558,0.01,0.0,0.0,0.0,0.0,0.0,0.0,0.0,0.0,0.00504,0.0,0.01,0.0,0.0,0.0,0.0,0.11320754716981132,0.0,0.0,0.0,0.0,0.06,0.0,0.02,0.0,0.01,0.0,0.0,0.0252,0.0,0.0,0.0,0.0
2017-06-18,0.0,0.012048192771084338,0.0136986301369863,0.0,0.0,0.0,0.0,0.0,0.17,0.01,0.0,0.01,0.0,45.98007205878235,0.0,0.0,0.0,0.0,0.0,0.00504,0.0063,0.0,0.0,0.0,0.03,0.0,0.0,0.0126,0.13,0.01008,0.0,0.04878048780487805,0.125,2.9664562618569255,0.0,0.04,4.578947368421052,0.0,0.01,0.029411764705882353,0.03333333333333333,7.416140654642314,0.9878299351983563,0.5930232558139535,0.0,0.0,0.01,0.0,0.0,0.0,0.0063,0.0,0.0,0.0,0.0,0.01,0.0,0.0,0.0,0.0,0.1320754716981132,0.0,0.0,0.0,0.0,0.05,0.01386,0.0,0.0,0.01,0.0,0.0,0.0,0.008820000000000001,0.0,0.008820000000000001,0.01008
2017-06-25,0.0,0.012048192771084338,0.0273972602739726,0.01008,0.0,0.0,0.0,0.01134,0.18,0.0,0.0,0.01,0.0,47.46330018971081,0.0,0.0,0.0,0.0,0.00756,0.02016,0.0,0.01386,0.0,0.0,0.02,0.0,0.0,0.0063,0.14,0.00504,0.0,0.024390243902439025,0.125,4.449684392785388,0.0,0.04,5.2105263157894735,0.0,0.0,0.0,0.03333333333333333,8.899368785570775,1.1853959222380275,0.5,0.0,0.0,0.0,0.0,0.0,0.0,0.0,0.0,0.0,0.0,0.01,0.0,0.0,0.0,0.0,0.0,0.1320754716981132,0.01,0.0,0.0,0.0,0.04,0.0,0.01,0.0,0.01,0.0,0.0,0.00504,0.0,0.0,0.0,0.0
2017-07-02,0.0,0.0,1.36986301369863,0.01008,0.0,0.008820000000000001,0.0,0.0,0.16,0.0,0.0,0.01,0.0,45.98007205878235,0.0,0.0,0.0,0.0,0.0,0.0,0.0,0.0126,0.01,0.0,0.03,0.0,0.0,0.01386,0.12,0.0,0.0,0.07317073170731707,0.125,2.9664562618569255,0.0,0.04,4.421052631578948,0.0,0.0,0.029411764705882353,0.03333333333333333,8.899368785570775,1.1853959222380275,0.6046511627906976,0.0,0.0,0.0,0.0,0.0,0.02142,0.00504,0.0,0.0,0.0,0.0,0.0,0.0,0.0,0.0,0.0,0.11320754716981132,0.0,0.0,0.008820000000000001,0.0,0.04,0.0,0.03,0.32,0.0,0.01,0.0,0.00504,0.00756,0.0,0.01008,0.0
2017-07-09,0.02857142857142857,0.0,0.5068493150684932,0.01134,0.0,0.028980000000000002,0.0,0.0,0.17,0.0,0.00756,0.0,0.0,43.013615796925414,0.0063,0.00504,0.0,0.0,0.008820000000000001,0.0,0.0,0.0,0.0,0.0,0.02,0.008820000000000001,0.01008,0.01008,0.17,0.008820000000000001,0.0,0.04878048780487805,0.1875,2.9664562618569255,0.0,0.08,4.2105263157894735,0.0,0.0,0.029411764705882353,0.03333333333333333,7.416140654642314,0.9878299351983563,0.5813953488372093,0.0,0.0,0.0,0.0,0.0,0.0,0.0,0.0,0.0,0.0,0.0,0.0,0.0,0.0,0.0,0.0,0.16981132075471697,0.0,0.0,0.00756,0.0,0.05,0.0,0.0,0.06,0.01,0.0,0.0,0.0063,0.0,0.0,0.0063,0.0
2017-07-16,0.02857142857142857,0.012048192771084338,0.0410958904109589,0.008820000000000001,0.0,0.0,0.0,0.01008,0.14,0.0,0.0,0.01,0.0,43.013615796925414,0.0,0.0,0.01134,0.00756,0.0,0.0,0.0,0.0,0.01,0.0,0.01,0.0,0.0,0.01008,0.16,0.0,0.0,0.07317073170731707,0.15625,2.9664562618569255,0.0,0.08,3.736842105263158,0.0,0.0,0.029411764705882353,0.03333333333333333,8.899368785570775,0.9878299351983563,0.5232558139534884,0.0,0.0,0.02,0.0,0.00756,0.0,0.0,0.0,0.0,0.0,0.0,0.01,0.01,0.0,0.0,0.0,0.16981132075471697,0.0,0.0,0.0,0.0,0.13,0.008820000000000001,0.02,0.02,0.01,0.0,0.01008,0.0,0.0,0.0,0.0,0.0
2017-07-23,0.0,0.024096385542168676,0.0410958904109589,0.01008,0.0,0.008820000000000001,0.0126,0.0,0.15,0.0,0.008820000000000001,0.01,0.0,47.46330018971081,0.01008,0.0,0.0,0.0,0.0,0.0,0.0,0.0,0.0,0.0,0.02,0.008820000000000001,0.0,0.00504,0.14,0.00504,0.0,0.07317073170731707,0.09375,2.9664562618569255,0.0,0.04,2.736842105263158,0.0,0.0,0.029411764705882353,0.03333333333333333,11.865825047427702,1.1853959222380275,0.5465116279069767,0.0,0.01,0.0,0.0,0.0,0.0,0.016380000000000002,0.0,0.0,0.01134,0.01,0.0,0.01,0.0,0.0,0.0,0.20754716981132076,0.01,0.01008,0.0,0.0,0.07,0.0,0.0,0.0,0.0,0.0,0.01134,0.0,0.00756,0.0,0.0,0.0063
2017-07-30,0.0,0.0,0.0547945205479452,0.0063,0.0,0.0,0.0,0.0063,0.19,0.01,0.0,0.01,0.0,47.46330018971081,0.0126,0.0,0.0,0.0,0.0,0.0063,0.0,0.0,0.01,0.0,0.02,0.0,0.008820000000000001,0.02142,0.12,0.0,0.0,0.04878048780487805,0.15625,2.9664562618569255,0.0,0.08,1.894736842105263,0.0,0.0,0.029411764705882353,0.0,10.38259691649924,0.9878299351983563,0.4883720930232558,0.0,0.0,0.0,0.0,0.0,0.0,0.0,0.0,0.0,0.00504,0.0,0.0,0.01,0.0,0.0,0.0,0.24528301886792453,0.0,0.0,0.0126,0.0,0.1,0.0,0.0,0.0,0.0,0.0,0.0,0.0,0.0,0.0,0.00504,0.0063
2017-08-06,0.0,1.2048192771084338,0.0821917808219178,0.00504,0.0,0.0,0.0,0.0,0.19,0.0,0.00504,0.02,0.0,47.46330018971081,0.0,0.0,0.0,0.0,0.0,0.0,0.00504,0.0,0.0,0.0,0.03,0.0,0.0063,0.0,0.16,0.0,0.0,0.04878048780487805,0.125,2.9664562618569255,0.0,0.04,1.5789473684210527,0.0,0.01,0.029411764705882353,0.03333333333333333,8.899368785570775,0.9878299351983563,0.5813953488372093,0.0,0.0,0.0,0.0,0.0,0.0,0.0,0.0,0.0,0.00756,0.0,0.0,0.0,0.0,0.0126,0.0,0.2641509433962264,0.01,0.0,0.0,0.0,0.07,0.0,0.0,0.0,0.0,0.0,0.01008,0.0,0.0,0.010309278350515464,0.0,0.00378
2017-08-13,0.02857142857142857,0.08433734939759036,0.0273972602739726,0.01134,0.0,0.0,0.0,0.0,0.19,0.02,0.0,0.02,0.0,47.46330018971081,0.0,0.0,0.0,0.0,0.0,0.0,0.00756,0.0,0.0,0.0,0.03,0.0,0.0,0.0,0.13,0.0,0.0,0.07317073170731707,0.125,4.449684392785388,0.0,0.04,1.5263157894736843,0.0,0.01,0.0,0.0,8.899368785570775,0.9878299351983563,0.6511627906976745,0.01,0.01,0.0,0.0,0.0,0.00504,0.00504,0.0,0.0,0.0,0.0,0.01,0.01,0.0,0.0,0.0,0.2830188679245283,0.0,0.0,0.016380000000000002,0.0,0.07,0.0,0.01,0.0,0.0,0.0,0.0,0.0,0.01512,0.0,0.0,0.0
2017-08-20,0.0,0.060240963855421686,0.0136986301369863,0.0,0.0,0.0,0.0,0.0,0.18,0.0,0.0,0.04,0.0,43.013615796925414,0.0,0.0,0.0,0.0,0.0,0.00504,0.0,0.0063,0.0,0.0,0.01,0.00504,0.00504,0.01386,0.16,0.01008,0.0,0.07317073170731707,0.125,2.9664562618569255,0.0,0.04,2.1578947368421053,0.0,0.0,0.029411764705882353,0.03333333333333333,7.416140654642314,0.9878299351983563,0.45348837209302323,0.01,0.0,0.0,0.0,0.0,0.0,0.0,0.0,0.0,0.0,0.0,0.0,0.0,0.0,0.0,0.0,0.18867924528301888,0.0,0.0,0.008820000000000001,0.0,0.06,0.0063,0.01,0.0,0.0,0.0,0.0,0.0,0.0,0.0,0.008820000000000001,0.0
2017-08-27,0.02857142857142857,0.024096385542168676,0.0410958904109589,0.00504,0.00756,0.0,0.0,0.0,0.17,0.0,0.0,0.02,0.0,41.53038766599696,0.00756,0.0,0.0,0.0,0.0,0.00504,0.0,0.00504,0.01,0.0,0.01,0.0,0.0063,0.0,0.16,0.0,0.0,0.04878048780487805,0.125,4.449684392785388,0.0,0.04,2.0526315789473686,0.01,0.0,0.029411764705882353,0.0,7.416140654642314,0.9878299351983563,0.5697674418604651,0.0,0.0,0.02,0.0,0.0,0.0,0.00504,0.0,0.0,0.0,0.01,0.0,0.0,0.0,0.0,0.0,0.1509433962264151,0.01,0.0,0.0,0.01,0.07,0.0,0.01,0.0,0.02,0.0,0.0,0.0,0.0,0.010309278350515464,0.0,0.0
2017-09-03,0.0,0.08433734939759036,0.1232876712328767,0.00756,0.0,0.0,0.0,0.0,0.2,0.0,0.0,0.03,0.0,44.49684392785388,0.0126,0.0,0.0,0.0,0.00504,0.0,0.0,0.0,0.0,0.0,0.02,0.0,0.0,0.00756,0.14,0.0,0.0,0.04878048780487805,0.1875,4.449684392785388,0.0,0.04,1.6842105263157894,0.0,0.0,0.0,0.03333333333333333,10.38259691649924,0.9878299351983563,0.7790697674418605,0.01,0.0,0.0,0.0,0.0,0.0,0.0,0.0,0.0,0.0,0.0,0.0,0.0,0.0,0.0,0.00756,0.1509433962264151,0.01,0.0,0.0,0.01,0.05,0.0,0.0,0.0,0.0,0.01,0.0,0.0,0.00504,0.0,0.0,0.0
2017-09-10,0.0,0.1927710843373494,0.0821917808219178,0.01008,0.0,0.0,0.0,0.016380000000000002,0.17,0.02,0.0,0.02,0.0,41.53038766599696,0.01386,0.0,0.0,0.00504,0.0,0.0,0.0,0.00504,0.0,0.01,0.04,0.00504,0.0,0.00504,0.11,0.0,0.0,0.024390243902439025,0.125,2.9664562618569255,0.0,0.04,1.736842105263158,0.01,0.0,0.029411764705882353,0.03333333333333333,10.38259691649924,0.9878299351983563,0.7558139534883721,0.0,0.0,0.0,0.0,0.0,0.0,0.0,0.0,0.0,0.0,0.0,0.0,0.0,0.0,0.0126,0.00756,0.1509433962264151,0.0,0.0,0.0,0.0,0.07,0.00504,0.0,0.01,0.02,0.0,0.0,0.0,0.008820000000000001,0.0,0.0,0.00504
2017-09-17,0.02857142857142857,0.03614457831325301,1.0410958904109588,0.008820000000000001,0.0,0.0,0.0,0.0,0.2,0.0,0.0,0.02,0.0,43.013615796925414,0.0,0.0063,0.0,0.008820000000000001,0.0,0.0,0.0,0.0,0.02,0.0,0.02,0.00504,0.0,0.0,0.14,0.0,0.0,0.04878048780487805,0.09375,2.9664562618569255,0.0,0.04,1.5263157894736843,0.0,0.0,0.029411764705882353,0.03333333333333333,8.899368785570775,0.9878299351983563,0.6162790697674418,0.0,0.0,0.0,0.0,0.0,0.0,0.0,0.0,0.0,0.0,0.0,0.01,0.0,0.0,0.0,0.0,0.11320754716981132,0.0,0.0,0.00756,0.01,0.05,0.0,0.01,0.01,0.0,0.0,0.0,0.0,0.0063,0.0,0.00504,0.01134
2017-09-24,0.0,0.0,0.0273972602739726,0.0126,0.0,0.0,0.0,0.0063,0.2,0.01,0.0,0.02,0.0,45.98007205878235,0.00504,0.0,0.0,0.0,0.0,0.0,0.0,0.0,0.0,0.0,0.04,0.0,0.0,0.0126,0.14,0.0,0.0,0.024390243902439025,0.15625,2.9664562618569255,0.0,0.04,1.5263157894736843,0.0,0.0,0.0,0.03333333333333333,7.416140654642314,0.9878299351983563,0.6627906976744186,0.01,0.0,0.0,0.0,0.0,0.0,0.0,0.0,0.0,0.0063,0.01,0.0,0.0,0.0,0.0,0.0,0.11320754716981132,0.0,0.0,0.0,0.0,0.07,0.0,0.0,0.01,0.0,0.0,0.0,0.0,0.0,0.0,0.0063,0.0
2017-10-01,0.0,0.012048192771084338,0.0136986301369863,0.0,0.01008,0.0,0.0,0.0126,0.21,0.0,0.00504,0.01,0.0,41.53038766599696,0.01134,0.0,0.0,0.0,0.01386,0.0063,0.0,0.0,0.0,0.0,0.02,0.01008,0.0,0.0,0.16,0.0,1.4832281309284627,0.024390243902439025,0.125,2.9664562618569255,0.0,0.04,1.2105263157894737,0.01,0.0,0.029411764705882353,0.03333333333333333,5.932912523713851,0.9878299351983563,0.686046511627907,0.0,0.0,0.0,0.0,0.016380000000000002,0.0,0.0,0.0,0.0,0.0,0.0,0.0,0.0,0.0,0.0,0.0,0.11320754716981132,0.01,0.0,0.0,0.0,0.08,0.01134,0.01,0.0,0.0,0.0,0.0,0.0,0.0,0.0,0.0,0.0
2017-10-08,0.0,0.012048192771084338,0.0410958904109589,0.0,0.0,0.008820000000000001,0.0,0.0,0.18,0.01,0.0,0.02,0.0,43.013615796925414,0.0,0.0,0.0,0.0,0.0,0.0,0.0,0.0063,0.0,0.0,0.03,0.01008,0.0,0.0063,0.16,0.0,23.731650094855404,0.04878048780487805,2.65625,2.9664562618569255,4.545454545454546,0.04,3.8947368421052633,0.0,0.0,0.0,0.06666666666666667,10.38259691649924,0.9878299351983563,1.1627906976744187,0.66,0.43,0.0,0.0,0.0,0.0063,0.0,0.0,0.01134,0.00504,0.0,0.0,0.0,0.0,0.0,0.01386,0.11320754716981132,0.01,0.0,0.0,0.0,0.09,0.0,0.01,0.01,0.0,0.0,0.0,0.0,0.0,0.0,0.0,0.0
2017-10-15,0.0,0.0,0.0273972602739726,0.01386,0.017640000000000003,0.0,0.01386,0.0,0.15,0.0,0.0,0.02,0.0,45.98007205878235,0.0,0.0,0.0,0.0,0.0,0.01134,0.0,0.0,0.0,0.01,0.03,0.0,0.0063,0.0063,0.21,0.0,5.932912523713851,0.04878048780487805,1.96875,2.9664562618569255,0.6818181818181818,0.0,2.1578947368421053,0.0,0.0,0.0,3.3333333333333335,8.899368785570775,1.3829619092776988,0.7674418604651163,0.4,0.08,0.0,0.0,0.0,0.0,0.0,0.0,0.0,0.0,0.0,0.01,0.0,0.0,0.0,0.0252,0.09433962264150944,0.0,0.0,0.0,0.0,0.08,0.0,0.04,0.01,0.0,0.0,0.0,0.0,0.0063,0.0,0.0,0.0063
2017-10-22,0.0,0.0,0.0684931506849315,0.0063,0.017640000000000003,0.00504,0.008820000000000001,0.0,0.19,0.0,0.00756,0.01,0.0,41.53038766599696,0.00504,0.0,0.0,0.0,0.0063,0.0,0.0,0.0,0.0,0.0,0.02,0.00756,0.0,0.0,0.13,0.0,2.9664562618569255,1.7317073170731707,0.40625,2.9664562618569255,0.18181818181818182,0.04,1.631578947368421,0.69,0.88,2.9411764705882355,0.13333333333333333,7.416140654642314,1.3829619092776988,1.0348837209302326,0.06,0.02,0.0,0.0,0.00756,0.00504,0.0,0.0,0.0,0.0,0.0,0.01,0.0,0.0,0.0,0.0,0.07547169811320754,0.01,0.0,0.0,0.0,0.07,0.0,0.06,0.0,0.01,0.0,0.0,0.0,0.01386,0.010309278350515464,0.0,0.0
2017-10-29,0.0,0.0,0.0,0.0,0.008820000000000001,0.01134,0.00504,0.0063,0.17,0.0,0.0,0.0,0.0,41.53038766599696,0.0,0.0,0.0,0.01386,0.0,0.0252,0.0,0.0,0.0,0.0,0.0,0.0,0.0,0.008820000000000001,0.17,0.0,4.449684392785388,2.4390243902439024,0.3125,2.9664562618569255,0.13636363636363635,4.0,1.894736842105263,0.05,0.09,0.11764705882352941,0.1,7.416140654642314,1.3829619092776988,0.6511627906976745,0.02,0.01,0.0,0.0,0.0,0.0,0.0,0.0,0.0,0.0,0.0,0.0,0.0,0.0,0.0063,0.0,0.07547169811320754,0.01,0.0,0.0,0.0,0.04,0.0,0.01,0.01,0.0,0.01,0.0,0.0,0.0,0.010309278350515464,0.0,0.0
2017-11-05,0.0,0.012048192771084338,0.0136986301369863,0.008820000000000001,0.0,0.0,0.0,0.0,0.23,0.02,0.0,0.02,0.0,45.98007205878235,0.0189,0.00504,0.0,0.0,0.0,0.0,0.0,0.0,0.79,0.0,0.01,0.0,0.0,0.0,0.15,0.0,2.9664562618569255,0.24390243902439024,0.25,2.9664562618569255,0.045454545454545456,0.8,1.263157894736842,0.02,0.02,0.08823529411764706,0.06666666666666667,7.416140654642314,2.5683578315157263,0.6162790697674418,0.01,0.01,0.0,0.0,0.0,0.0,0.00504,0.0,0.0,0.0,0.01,0.0,0.0,0.0,0.0,0.0063,0.09433962264150944,0.02,0.00504,0.0,0.0,0.07,0.0,0.02,0.01,0.01,0.0,0.0,0.0,0.0063,0.010309278350515464,0.0,0.0
2017-11-12,0.0,0.0,0.0136986301369863,0.01134,0.0126,0.0,0.008820000000000001,0.0,0.19,0.57,0.0,0.0,0.0,50.429756451567734,0.00504,0.0,0.01008,0.00756,0.0,0.01008,0.008820000000000001,0.0,0.38,0.68,0.09,0.0,0.0,0.0,0.2,0.0,2.9664562618569255,0.0975609756097561,0.34375,2.9664562618569255,0.0,0.16,1.4210526315789473,0.01,0.01,0.17647058823529413,0.03333333333333333,7.416140654642314,1.1853959222380275,0.5232558139534884,0.01,0.0,0.0,0.0,0.0,0.0,0.0,0.0,0.0,0.0,0.0,0.0,0.0,0.0,0.0,0.0,0.07547169811320754,0.0,0.0,0.0,0.0,0.08,0.0,0.01,0.02,0.0,0.0,0.0,0.00504,0.02016,0.0,0.0,0.00504
2017-11-19,0.0,0.0,0.0136986301369863,0.01134,0.0,0.0,0.0,0.0,0.17,0.02,0.01008,0.0,0.0,44.49684392785388,0.0,0.0,0.0,0.0,0.0,0.008820000000000001,0.0,0.01008,0.23,0.03,0.03,0.0,0.0,0.0,0.14,0.0,1.4832281309284627,0.43902439024390244,0.28125,2.9664562618569255,0.045454545454545456,0.08,1.7894736842105263,0.01,0.01,0.058823529411764705,0.03333333333333333,7.416140654642314,3.951319740793425,0.46511627906976744,0.0,0.0,0.01,0.0,0.0,0.0,0.0,0.0,0.0,0.0,0.0,0.0,0.0,0.0,0.00378,0.00504,0.07547169811320754,0.0,0.00378,0.008820000000000001,0.0,0.06,0.0,0.0,0.01,0.0,0.0,0.0,0.0,0.0,0.0,0.0,0.0
2017-11-26,0.0,0.012048192771084338,0.0273972602739726,0.01008,0.0,0.0063,0.0,0.01008,0.22,0.01,0.0,0.02,0.0,41.53038766599696,0.0,0.0,0.01008,0.0,0.0,0.00504,0.0,0.0,0.05,0.03,0.05,0.0,0.00504,0.00504,0.15,0.00504,1.4832281309284627,0.17073170731707318,0.3125,2.9664562618569255,0.0,0.16,1.7894736842105263,0.0,0.02,0.029411764705882353,0.03333333333333333,19.281965702070018,1.7780938833570412,0.5697674418604651,0.01,0.0,0.0,0.0,0.0,0.0,0.0,0.0,0.0,0.0,0.0,0.0,0.0,0.0,0.0,0.0,0.09433962264150944,0.01,0.0,0.0,0.0,0.08,0.0,0.0,0.0,0.0,0.0,0.0,0.0,0.01008,0.0,0.0,0.0
2017-12-03,0.02857142857142857,0.0,0.0273972602739726,0.0,0.0,0.00504,0.0,0.0,0.3,0.01,0.0,0.14,0.0,43.013615796925414,0.0,0.0,0.01008,0.0,0.0,0.00504,0.0,0.0,0.08,0.21,0.03,0.0,0.00504,0.00504,0.14,0.02268,1.4832281309284627,0.0975609756097561,0.28125,2.9664562618569255,0.0,0.12,1.4736842105263157,0.0,0.0,0.029411764705882353,0.06666666666666667,13.349053178356165,0.9878299351983563,0.6046511627906976,0.02,0.02,0.0,0.0,0.0,0.0,0.0,0.0,0.0,0.0,0.0,0.0,0.0,0.0,0.0,0.00756,0.09433962264150944,0.0,0.008820000000000001,0.00504,0.0,0.1,0.0,0.0,0.0,0.0,0.0,0.0,0.0,0.0,0.010309278350515464,0.0,0.0
2017-12-10,0.0,0.012048192771084338,0.0136986301369863,0.0126,0.0063,0.0126,0.0,0.008820000000000001,0.2,0.01,0.0,0.02,10.0,41.53038766599696,0.00504,0.0,0.0,0.0,0.0,0.0,0.00504,0.0063,0.1,0.07,0.03,0.0,0.0,0.0,0.13,0.0,1.4832281309284627,0.0975609756097561,3.125,14.832281309284628,0.045454545454545456,0.08,1.4210526315789473,0.0,0.01,0.029411764705882353,0.06666666666666667,8.899368785570775,1.1853959222380275,0.5232558139534884,0.01,0.01,0.0,0.0,0.0,0.0063,0.0,0.0,0.035280000000000006,0.0441,0.31,0.0,0.01,0.0,0.0,0.0063,0.11320754716981132,0.01,0.0,0.0,0.0,0.1,0.01386,0.0,0.0,0.0,0.0,0.0,0.0,0.01134,0.010309278350515464,0.0,0.0
2017-12-17,0.0,0.012048192771084338,0.0273972602739726,0.0063,0.0,0.0,0.0,0.02394,0.17,0.01,0.0,0.02,0.4,41.53038766599696,0.0,0.01134,0.0,0.0,0.017640000000000003,0.0,0.0,0.0,0.0,0.0,0.05,0.00504,0.01008,0.0,0.14,0.0,2.9664562618569255,0.0975609756097561,2.84375,4.449684392785388,0.045454545454545456,0.08,1.4210526315789473,0.0,0.0,0.029411764705882353,0.03333333333333333,8.899368785570775,0.9878299351983563,0.5697674418604651,0.01,0.01,0.0,0.0,0.0063,0.0,0.0,0.0,0.0,0.008820000000000001,0.0,0.0,0.01,0.0,0.0,0.00504,0.24528301886792453,0.0,0.0,0.0,0.0,0.09,0.0,0.0,0.0,0.0,0.0,0.0,0.0,0.00504,0.010309278350515464,0.0,0.0
2017-12-24,0.0,0.0,0.0273972602739726,0.0,0.0,0.01386,0.0,0.0,0.18,0.01,0.00756,0.01,0.2,43.013615796925414,0.0,0.0,0.0,0.0,0.03402,0.017640000000000003,0.0,0.00504,0.01,0.0,0.03,0.01134,0.0,0.0,0.14,0.0,1.4832281309284627,0.07317073170731707,0.40625,2.9664562618569255,0.0,0.04,1.5789473684210527,0.0,0.0,0.029411764705882353,0.03333333333333333,8.899368785570775,1.3829619092776988,0.5813953488372093,0.01,0.0,0.01,0.0,0.0,0.0,0.0,2.9664562618569255,0.0,0.0,0.01,0.01,0.0,0.0,0.0,0.0,0.18867924528301888,0.0,0.0,0.008820000000000001,0.01,0.09,0.0,0.0,0.0,0.03,0.0,0.0,0.0,0.01386,0.0,0.0,0.0
2017-12-31,0.0,0.0,0.0136986301369863,0.008820000000000001,0.0,0.0,0.0,0.0063,0.19,0.04,0.0,0.0,0.7,44.49684392785388,0.0189,0.0,0.0,0.00504,0.01008,0.0,0.0,0.008820000000000001,0.01,0.0,0.17,0.0,0.0063,0.0,0.17,0.0,1.4832281309284627,0.0975609756097561,2.09375,4.449684392785388,0.0,0.08,1.736842105263158,0.0,0.0,0.029411764705882353,0.06666666666666667,8.899368785570775,1.3829619092776988,0.5813953488372093,0.0,0.0,0.0,0.0,0.0,0.00504,0.0,0.0,0.0,0.0,0.0,0.0,0.0,0.0,0.0,0.01008,0.16981132075471697,0.01,0.00504,0.0,0.0,0.11,0.0,0.01,0.0,0.0,0.0,0.0,0.0,0.0,0.0,0.0,0.0
2018-01-07,0.0,0.012048192771084338,0.0136986301369863,0.008820000000000001,0.0,0.0,0.0,0.0,0.21,0.02,0.008820000000000001,0.01,0.3,44.49684392785388,0.0,0.0,0.0,0.0,0.0,0.0,0.0,0.0,0.0,0.01,0.11,0.0,0.0,0.00756,0.14,0.0,2.9664562618569255,0.17073170731707318,0.9375,4.449684392785388,0.045454545454545456,0.12,3.3157894736842106,0.01,0.01,0.029411764705882353,0.03333333333333333,13.349053178356165,1.1853959222380275,0.5,0.01,0.0,0.0,0.011904761904761904,0.0,0.0,0.04662,0.0,0.0,0.0063,0.0,0.0,0.01,0.0,0.0,0.0,0.11320754716981132,0.0,0.0,0.0,0.01,0.09,0.00756,0.0,0.01,0.0,0.0,0.0,0.0,0.01008,0.0,0.00756,0.0
2018-01-14,0.0,0.012048192771084338,0.0,0.0,0.0,0.0,0.0,0.0,0.25,0.0,0.0,0.01,0.0,48.946528320639274,0.0,0.0,0.0,0.00756,0.0,0.0,0.0,0.016380000000000002,0.0,0.0,0.03,0.0,0.0,0.0126,0.16,0.0,1.4832281309284627,0.07317073170731707,0.59375,2.9664562618569255,0.0,0.08,1.8421052631578947,0.02,0.0,0.0,0.03333333333333333,8.899368785570775,1.1853959222380275,0.5697674418604651,0.01,0.0,0.0,0.0,0.0,0.0,0.0,0.0,0.0,0.008820000000000001,0.0,0.0,0.0,0.0,0.0,0.0,0.1320754716981132,0.01,0.0,0.0,0.01,0.07,0.0,0.01,0.0,0.0,0.01,0.0,0.00756,0.0,0.0,0.0,0.0
2018-01-21,0.0,0.0,0.0136986301369863,0.01134,0.0,0.0,0.00504,0.0,0.16,0.0,0.0,0.01,0.4,47.46330018971081,0.00504,0.0,0.0063,0.0,0.0,0.0,0.0063,0.0,0.01,0.0,0.03,0.0,0.0,0.0,0.13,0.0,1.4832281309284627,0.04878048780487805,0.21875,2.9664562618569255,0.0,0.04,2.3157894736842106,0.01,0.01,0.0,0.03333333333333333,7.416140654642314,1.1853959222380275,0.5232558139534884,0.0,0.01,0.0,0.0,0.0,0.0,0.0,0.0,0.0,0.0,0.0,0.01,0.0,0.0,0.0,0.0,0.11320754716981132,0.01,0.0,0.0,0.01,0.1,0.0,0.0,0.0,0.0,0.0,0.00504,0.00504,0.008820000000000001,0.010309278350515464,0.0,0.0
2018-01-28,0.0,0.012048192771084338,0.0,0.01134,0.0,0.0,0.0,0.0,0.21,0.0,0.01134,0.01,0.0,44.49684392785388,0.01134,0.0,0.00504,0.0,0.00756,0.0,0.0,0.0,0.0,0.0,0.02,0.0,0.00504,0.01008,0.12,0.0,11.865825047427702,0.07317073170731707,0.21875,2.9664562618569255,0.0,0.04,1.736842105263158,0.01,0.0,0.029411764705882353,0.03333333333333333,8.899368785570775,3.3586217796744116,0.5930232558139535,0.0,0.0,0.0,0.0,0.0,0.0,0.0,2.9664562618569255,0.0,0.0,0.01,0.0,0.0,0.0,0.0,0.0063,0.1509433962264151,0.0,0.0,0.00378,0.0,0.09,0.0,0.01,0.0,0.0,0.0,0.0,0.0,0.02142,0.0,0.00504,0.02016
2018-02-04,0.0,0.0,0.0136986301369863,0.0189,0.0,0.0126,0.0,0.0126,0.19,0.01,0.0,0.01,0.0,43.013615796925414,0.0,0.00504,0.00756,0.0063,0.0,0.0063,0.0,0.0,0.0,0.0,0.03,0.0,0.0,0.00756,0.15,0.0,5.932912523713851,0.04878048780487805,0.3125,2.9664562618569255,0.0,0.04,1.5789473684210527,0.02,0.0,0.0,0.03333333333333333,8.899368785570775,12.051525209419946,0.5930232558139535,0.01,0.0,0.0,0.0,0.0,0.0,0.00504,0.0,0.0,0.0,0.0,0.0,0.0,0.0,0.0,0.0,0.09433962264150944,0.01,0.0,0.008820000000000001,0.0,0.07,0.0,0.01,0.0,0.0,0.01,0.0,0.0,0.00378,1.0309278350515463,0.0,0.0
2018-02-11,0.0,0.012048192771084338,0.0136986301369863,0.0,0.0063,0.0,0.0,0.0,0.21,0.01,0.0,0.02,0.0,43.013615796925414,0.0,0.01008,0.0,0.0,0.0,0.008820000000000001,0.0,0.0,0.01,0.01,0.03,0.00504,0.0,0.0,0.13,0.0,1.4832281309284627,0.04878048780487805,0.1875,2.9664562618569255,0.0,0.04,1.4736842105263157,0.0,0.0,0.029411764705882353,0.03333333333333333,8.899368785570775,1.7780938833570412,0.6627906976744186,0.01,0.01,0.0,0.011904761904761904,0.0,0.0,0.0,0.0,0.0,0.0,0.0,0.0,0.0,0.0,0.00504,0.00756,0.09433962264150944,0.0,0.0,0.0,0.0,0.06,0.0,0.65,0.01,0.01,0.0,0.0,0.0,0.0,0.422680412371134,0.0,0.0
2018-02-18,0.0,0.0,0.0,0.0063,0.0,0.0,0.0,0.0252,0.15,0.0,0.0,0.02,0.0,43.013615796925414,0.0,0.01008,0.00378,0.00756,0.0,0.016380000000000002,0.0,0.0,0.01,0.01,0.0,0.00756,0.0,0.0,0.13,0.0,1.4832281309284627,0.04878048780487805,0.15625,2.9664562618569255,0.0,0.04,1.3157894736842106,0.0,0.0,0.029411764705882353,0.03333333333333333,8.899368785570775,1.3829619092776988,0.9534883720930233,0.0,0.0,0.0,0.0,0.0,0.0,0.0,0.0,0.00504,0.01386,0.0,0.0,0.0,0.0,0.0,0.0,0.09433962264150944,0.0,0.0,0.0,0.01,0.07,0.0,0.05,0.0,0.01,0.0,0.0,0.0,0.0,0.061855670103092786,0.01008,0.008820000000000001
2018-02-25,0.0,0.012048192771084338,0.0136986301369863,0.0,0.0,0.0,0.0,0.0,0.14,0.01,0.008820000000000001,0.01,0.0,43.013615796925414,0.0,0.0,0.0,0.0,0.0,0.0,0.0,0.0,0.0,0.0,0.02,0.0,0.0,0.01008,0.12,0.01008,1.4832281309284627,0.0975609756097561,0.1875,2.9664562618569255,0.0,0.04,1.368421052631579,0.0,0.0,0.029411764705882353,0.06666666666666667,7.416140654642314,1.5805278963173701,1.0232558139534884,0.06,0.0,0.0,0.011904761904761904,0.00756,0.00504,0.0,0.0,0.0,0.0,0.0,0.0,0.0,0.0,0.00504,0.0,0.11320754716981132,0.0,0.0,0.0,0.0,0.09,0.0,0.09,0.0,0.0,0.0,0.0,0.016380000000000002,0.017640000000000003,0.020618556701030927,0.0,0.0
2018-03-04,0.0,0.0,0.0136986301369863,0.01008,0.0,0.01008,0.0,0.0,0.18,0.01,0.0063,0.02,0.0,43.013615796925414,0.0,0.0126,0.06678,0.05166,0.01134,0.008820000000000001,0.0,0.0,0.01,0.0,0.04,0.0063,0.01512,0.01134,0.1,0.00756,1.4832281309284627,1.975609756097561,1.46875,5.932912523713851,0.09090909090909091,0.12,1.5263157894736843,0.0,0.01,0.029411764705882353,0.03333333333333333,8.899368785570775,1.5805278963173701,0.7441860465116279,0.01,0.0,0.0,0.0,0.0,0.00504,0.00756,0.0,0.02142,0.0063,0.0,0.0,0.0,0.0,0.0,0.0,0.11320754716981132,0.01,0.0,0.0,0.01,0.06,0.0,0.04,0.0,0.0,0.0,0.0,0.01008,0.04032,0.0,0.0,0.0
2018-03-11,0.0,0.012048192771084338,0.0,0.0,0.0,0.06552000000000001,0.008820000000000001,0.0,0.16,0.01,0.0,0.02,0.0,40.047159535068495,0.0,0.0,0.01386,0.01134,0.0,0.01134,0.0,0.0,0.01,0.0,0.04,0.01134,0.0,0.00504,0.12,0.0,1.4832281309284627,0.14634146341463414,0.1875,2.9664562618569255,0.0,0.04,1.2105263157894737,0.01,0.01,0.029411764705882353,0.03333333333333333,10.38259691649924,0.9878299351983563,0.5930232558139535,0.04,0.0,0.0,0.0,0.0,0.0,0.0,0.0,0.0,0.0,0.0,0.0,0.0,0.0,0.0,0.0,0.09433962264150944,0.01,0.0,0.0,0.0,0.08,0.0,0.02,0.0,0.0,0.0,0.0,0.0,0.0,0.0,0.0,0.0
2018-03-18,0.0,0.0,0.0136986301369863,0.00378,0.0,0.0,0.0,0.0,0.14,0.0,0.0,0.0,0.1,41.53038766599696,0.0,0.0,0.0,0.01512,0.0,0.0063,0.0063,0.0,0.0,0.0,0.02,0.0,0.0,0.0,0.12,0.0,1.4832281309284627,0.12195121951219512,0.15625,2.9664562618569255,0.0,0.04,1.3157894736842106,0.02,0.0,0.0,0.0,10.38259691649924,0.9878299351983563,0.5116279069767442,0.03,0.0,0.0,0.011904761904761904,0.0,0.0,0.0,0.0,0.0,0.0,0.0,0.0,0.0,0.0,0.0,0.01008,0.1509433962264151,0.0,0.0,0.0,0.0,0.06,0.0,0.01,0.0,0.0,0.0,0.0,0.0,0.0,0.010309278350515464,0.0,0.00504
2018-03-25,0.0,0.012048192771084338,0.0136986301369863,0.008820000000000001,0.0,0.0,0.0,0.0,0.15,0.0,0.0,0.01,0.0,44.49684392785388,0.0,0.00504,0.00504,0.0,0.00378,0.01134,0.0,0.0,0.0,0.01,0.03,0.00504,0.0,0.00756,0.14,0.0,1.4832281309284627,0.12195121951219512,0.21875,1.4832281309284627,0.0,0.04,1.4736842105263157,0.0,0.0,0.0,0.03333333333333333,8.899368785570775,1.3829619092776988,0.4883720930232558,0.0,0.0,0.0,0.011904761904761904,0.0,0.00504,0.00504,0.0,0.0,0.0,0.0,0.0,0.0,0.0,0.0,0.0,0.16981132075471697,0.01,0.0,0.0,0.12,0.06,0.0,0.01,0.0,0.0,0.0,0.0,0.00504,0.008820000000000001,0.0,0.01008,0.0
2018-04-01,0.0,0.0,0.0,0.0126,0.016380000000000002,0.01386,0.008820000000000001,0.0,0.15,0.0,0.0,0.01,0.0,41.53038766599696,0.00504,0.0,0.00756,0.00504,0.0,0.0063,0.00504,0.0,0.0,0.0,0.01,0.0,0.0,0.0063,0.15,0.0,0.0,0.04878048780487805,0.1875,2.9664562618569255,0.0,0.04,1.5263157894736843,0.01,0.0,0.0,0.03333333333333333,7.416140654642314,0.9878299351983563,0.5465116279069767,0.0,0.0,0.0,0.0,0.0,0.0,0.00504,0.0,0.0,0.00378,0.0,0.0,0.0,0.0,0.01134,0.00504,0.1320754716981132,0.01,0.00504,0.0,0.03,0.07,0.0,0.0,0.0,0.0,0.0,0.0,0.0,0.01008,0.010309278350515464,0.0,0.0
2018-04-08,0.0,0.0,0.0136986301369863,0.00504,0.0,0.0,0.0,0.0,0.19,0.01,0.0,0.0,0.0,43.013615796925414,0.00504,0.0,0.0,0.0,0.00504,0.0,0.0,0.0,0.01,0.0,0.02,0.0,0.0,0.01008,0.12,0.0,1.4832281309284627,0.04878048780487805,0.28125,1.4832281309284627,0.0,0.04,1.4736842105263157,0.0,0.01,0.0,0.03333333333333333,5.932912523713851,1.1853959222380275,0.5116279069767442,0.0,0.01,0.0,0.011904761904761904,0.0126,0.0,0.0,0.0,0.0,0.0,0.0,0.0,0.01,0.0,0.0,0.0,0.11320754716981132,0.0,0.0,0.0,0.01,0.06,0.0,0.0,0.0,0.0,0.0,0.0,0.0,0.0,0.010309278350515464,0.0,0.0
2018-04-15,0.17142857142857143,0.012048192771084338,0.0,0.0,0.0,0.008820000000000001,0.0,0.0,0.16,0.01,0.0,0.0,0.0,41.53038766599696,0.0,0.0,0.0,0.0126,0.00756,0.008820000000000001,0.0,0.0,0.0,0.01,0.02,0.0,0.0,0.0,0.13,0.0,1.4832281309284627,0.07317073170731707,0.28125,2.9664562618569255,0.0,0.04,2.736842105263158,0.0,0.01,0.0,0.03333333333333333,5.932912523713851,0.7902639481586851,0.45348837209302323,0.0,0.01,0.0,0.011904761904761904,0.0,0.0126,0.0,0.0,0.0,0.0,0.0,0.0,0.01,0.0,0.0,0.0,0.11320754716981132,0.0,0.0,0.0,0.0,0.05,0.00378,0.01,0.0,0.0,0.0,0.0,0.00504,0.00756,0.0,0.00756,0.0
2018-04-22,0.0,0.012048192771084338,0.0410958904109589,0.01386,0.0063,0.0,0.008820000000000001,0.0,0.13,0.01,0.0,0.02,0.0,43.013615796925414,0.0,0.00756,0.0,0.0,0.0,0.0,0.0,0.00756,0.0,0.0,0.03,0.00504,0.0,0.0063,0.19,0.0,1.4832281309284627,0.04878048780487805,0.15625,1.4832281309284627,0.0,0.04,2.0526315789473686,0.0,0.0,0.0,0.03333333333333333,5.932912523713851,0.7902639481586851,0.45348837209302323,0.01,0.0,0.0,0.0,0.0,0.0,0.0,0.0,0.0,0.0,0.0,0.0,0.0,0.0,0.0,0.0063,0.11320754716981132,0.0,0.0,0.0,0.0,0.06,0.0,0.01,0.0,0.0,0.0,0.00378,0.00378,0.00756,0.0,0.0,0.0
2018-04-29,0.0,0.012048192771084338,0.0136986301369863,0.00504,0.0,0.0,0.00504,0.0,0.15,0.0,0.0,0.01,0.0,40.047159535068495,0.01134,0.0,0.0,0.0,0.0,0.00756,0.0,0.0,0.0,0.0,0.02,0.0,0.0,0.0,0.13,0.0,1.4832281309284627,0.04878048780487805,0.40625,2.9664562618569255,0.0,0.04,1.9473684210526316,0.0,0.01,0.029411764705882353,0.03333333333333333,5.932912523713851,1.1853959222380275,0.5581395348837209,0.01,0.0,0.0,0.0,0.0,0.0063,0.0,0.0,0.0,0.0,0.01,0.0,0.01,0.0,0.0,0.0,0.11320754716981132,0.0,0.0,0.0,0.01,0.05,0.0,0.01,0.0,0.0,0.0,0.0,0.00504,0.00756,0.0,0.0,0.0
2018-05-06,0.0,0.0,0.0136986301369863,0.0,0.0063,0.0,0.0,0.0,0.17,0.01,0.0,0.01,0.0,40.047159535068495,0.0,0.0,0.0,0.0,0.0,0.008820000000000001,0.0,0.01008,0.0,0.0,0.01,0.0,0.0,0.0,0.15,0.0,1.4832281309284627,0.04878048780487805,0.1875,2.9664562618569255,0.0,0.04,1.6842105263157894,0.01,0.0,0.0,0.0,5.932912523713851,1.1853959222380275,0.5,0.03,0.01,0.91,1.1904761904761905,0.0,0.00504,0.0,0.0,0.0,0.0,0.0,0.0,0.0,0.0,0.0,0.0,0.09433962264150944,0.0,0.0,0.0,0.0,0.08,0.0,0.01,0.01,0.0,0.0,0.0,0.0,0.0063,0.0,0.0,0.01134
2018-05-13,0.0,0.012048192771084338,0.0136986301369863,0.0,0.0,0.0063,0.0,0.0,0.18,0.0,0.0,0.0,0.0,40.047159535068495,0.0,0.0,0.0,0.0,0.00756,0.0063,0.0,0.0,0.0,0.0,0.01,0.01512,0.01134,0.0,0.27,0.0,1.4832281309284627,0.04878048780487805,0.15625,2.9664562618569255,0.0,0.04,2.210526315789474,0.0,0.0,0.0,0.03333333333333333,5.932912523713851,1.1853959222380275,0.37209302325581395,0.01,0.01,0.03,0.03571428571428571,0.0,0.0,0.0,0.0,0.0,0.0,0.0,0.0,0.0,0.0,0.0,0.0,0.09433962264150944,0.0,0.0693,0.0,0.01,0.05,0.0,0.0,0.0,0.0,0.0,0.00504,0.0,0.00504,0.0,0.0,0.00756
2018-05-20,0.02857142857142857,0.012048192771084338,0.0136986301369863,0.0126,0.008820000000000001,0.0,0.0,0.0,0.19,0.0,0.01134,0.01,0.0,40.047159535068495,0.0063,0.00504,0.0,0.0,0.0126,0.00504,0.0,0.0,0.01,0.0,0.02,0.0063,0.0,0.0063,0.27,0.0,2.9664562618569255,0.3170731707317073,0.21875,2.9664562618569255,3.272727272727273,0.68,3.3684210526315788,0.02,0.02,0.08823529411764706,0.06666666666666667,7.416140654642314,1.1853959222380275,0.4069767441860465,0.03,0.01,0.0,0.011904761904761904,0.0,0.0,0.0,0.0,0.0,0.0,0.0,0.0,0.0,0.0,0.0,0.0,1.8867924528301887,0.74,0.01386,0.008820000000000001,0.02,0.05,0.0,0.01,0.0,0.0,0.0,0.0,0.0,0.01134,0.3917525773195876,0.0,0.0
2018-05-27,0.0,0.012048192771084338,0.0136986301369863,0.0,0.0,0.0,0.0,0.0,0.22,0.01,0.0,0.01,0.0,40.047159535068495,0.0,0.00504,0.0,0.0189,0.0,0.0,0.00756,0.0063,0.0,0.02,0.02,0.0,0.0,0.00504,0.1,0.01512,1.4832281309284627,0.17073170731707318,0.1875,2.9664562618569255,0.45454545454545453,0.16,1.5789473684210527,0.01,0.01,0.029411764705882353,0.06666666666666667,7.416140654642314,1.1853959222380275,0.5348837209302325,0.0,0.01,0.01,0.0,0.0,0.0,0.0,0.0,0.0,0.0063,0.0,0.0,0.0,0.0,0.008820000000000001,0.0,0.22641509433962265,0.47,0.0,0.059219999999999995,0.01,0.06,0.01008,0.0,0.02,0.0,0.0,0.01386,0.00504,0.0063,0.030927835051546393,0.0,0.0
2018-06-03,0.0,0.0,0.0136986301369863,0.01008,0.0,0.01134,0.0,0.0,0.17,0.0,0.0,0.01,0.0,40.047159535068495,0.00504,0.01008,0.02142,0.00504,0.0,0.00756,0.0,0.0,0.0,0.01,0.03,0.0063,0.0,0.00504,0.34,0.0,1.4832281309284627,0.04878048780487805,0.84375,1.4832281309284627,0.18181818181818182,0.08,1.263157894736842,0.0,0.01,0.029411764705882353,0.06666666666666667,7.416140654642314,0.9878299351983563,0.47674418604651164,0.0,0.0,0.0,0.0,0.0,0.0,0.0,0.0,0.017640000000000003,0.0,0.0,0.0,0.0,0.0,0.00504,0.0,0.07547169811320754,0.0,0.00504,0.05544,0.01,0.06,0.0,0.02,0.01,0.0,0.0,0.02142,0.0,0.0,0.0,0.0,0.0
2018-06-10,0.0,0.0,0.0,0.01008,0.0,0.00504,0.0063,0.0,0.16,0.04,0.0,0.02,0.0,41.53038766599696,0.00378,0.0,0.0,0.0,0.0063,0.01386,0.0,0.0,0.01,0.0,0.04,0.0,0.0,0.0,0.16,0.0,2.9664562618569255,0.07317073170731707,0.1875,2.9664562618569255,0.045454545454545456,0.04,1.263157894736842,0.0,0.0,0.029411764705882353,0.06666666666666667,8.899368785570775,0.9878299351983563,0.45348837209302323,0.0,0.0,0.0,0.0,0.0,0.0063,0.0,0.0,0.0,0.0,0.0,0.0,0.0,0.0,0.00504,0.0,0.11320754716981132,0.01,0.0,0.0,0.0,0.06,0.0,0.01,0.01,0.0,0.0,0.0,0.0,0.00756,0.0,0.0,0.00378
2018-06-17,0.0,0.012048192771084338,0.0136986301369863,0.00378,0.0,0.0,0.0,0.0,0.11,0.0,0.0,0.0,0.0,44.49684392785388,0.0,0.0,0.0126,0.0,0.0,0.00504,0.0,0.0,0.0,0.0,0.04,0.0,0.0,0.0063,0.14,0.0189,1.4832281309284627,0.04878048780487805,0.1875,1.4832281309284627,0.045454545454545456,0.04,1.263157894736842,0.0,0.01,0.029411764705882353,0.03333333333333333,7.416140654642314,0.9878299351983563,0.4186046511627907,0.0,0.0,0.01,0.0,0.0,0.0,0.0,0.0,0.0,0.0,0.0,0.0,0.01,0.0,0.0,0.0063,0.09433962264150944,0.0,0.00756,0.0063,0.0,0.04,0.0,0.0,0.0,0.0,0.0,0.0,0.0,0.00504,0.0,0.0063,0.00504
2018-06-24,0.0,0.0,0.0,0.01008,0.0,0.0,0.0,0.0,0.14,0.01,0.0,0.0,0.0,40.047159535068495,0.00756,0.0063,0.0,0.0,0.0,0.00504,0.0,0.0,0.0,0.0,0.01,0.00378,0.0,0.00756,0.15,0.0,0.0,0.12195121951219512,0.5,1.4832281309284627,0.0,0.04,1.3157894736842106,0.0,0.0,0.029411764705882353,0.03333333333333333,7.416140654642314,0.7902639481586851,0.46511627906976744,0.0,0.0,0.0,0.0,0.0,0.0,0.0,0.0,0.0,0.00756,0.0,0.0,0.0,0.0,0.00378,0.0,0.07547169811320754,0.01,0.0,0.0189,0.0,0.06,0.0,0.0,0.0,0.01,0.0,0.0,0.0,0.0126,0.010309278350515464,0.0,0.0
2018-07-01,0.0,0.012048192771084338,0.0,0.0,0.0,0.01134,0.0,0.0063,0.14,0.01,0.00504,0.01,0.0,37.08070327321157,0.0,0.0,0.0,0.0,0.0,0.00756,0.0,0.0,0.0,0.0,0.03,0.0,0.00504,0.0,0.13,0.0,0.0,0.17073170731707318,0.25,2.9664562618569255,0.18181818181818182,0.12,1.2105263157894737,0.01,0.0,0.058823529411764705,0.03333333333333333,5.932912523713851,0.9878299351983563,0.5232558139534884,0.0,0.0,0.0,0.0,0.0,0.0,0.0,0.0,0.0063,0.017640000000000003,0.0,0.0,0.0,0.0,0.00504,0.0,0.09433962264150944,0.0,0.0,0.0,0.0,0.05,0.0,0.01,0.0,0.0,0.0,0.0,0.0,0.00756,0.010309278350515464,0.0,0.00504
2018-07-08,0.0,0.0,0.0136986301369863,0.0063,0.0,0.0,0.01008,0.0,0.15,0.0,0.0,0.0,0.0,45.98007205878235,0.008820000000000001,0.0,0.0,0.0,0.0,0.00756,0.0,0.0,0.0,0.0,0.03,0.0126,0.00756,0.00756,0.1,0.0,0.0,0.17073170731707318,1.0,1.4832281309284627,0.045454545454545456,0.04,1.263157894736842,0.01,0.0,0.029411764705882353,0.03333333333333333,7.416140654642314,0.9878299351983563,0.5581395348837209,0.0,0.0,0.0,0.0,0.0,0.0,0.0,0.0,0.0,0.0,0.0,0.0,0.01,0.0,0.0,0.0,0.11320754716981132,0.01,0.0,0.0,0.0,0.06,0.0,0.0,0.0,0.0,0.0,0.0,0.0,0.0,0.0,0.0,0.0
2018-07-15,0.0,0.012048192771084338,0.0,0.01512,0.008820000000000001,0.0,0.0,0.0,0.14,0.01,0.0,0.01,0.0,43.013615796925414,0.00756,0.0,0.00378,0.008820000000000001,0.0,0.0063,0.0,0.0,0.0,0.0,0.03,0.0,0.008820000000000001,0.0,0.11,0.0,0.0,0.0975609756097561,0.28125,1.4832281309284627,0.0,0.04,1.1578947368421053,0.0,0.0,0.029411764705882353,0.03333333333333333,5.932912523713851,0.9878299351983563,0.5232558139534884,0.0,0.01,0.0,0.0,0.0,0.01008,0.0,0.0,0.01008,0.0,0.0,0.0,0.0,0.0,0.0,0.0,0.07547169811320754,0.01,0.00378,0.0,0.0,0.04,0.0,0.01,0.0,0.01,0.0,0.0,0.0,0.0,0.010309278350515464,0.0,0.0
2018-07-22,0.0,0.012048192771084338,0.0136986301369863,0.00504,0.0,0.0,0.00504,0.0,0.18,0.0,0.0,0.0,0.1,43.013615796925414,0.0,0.0,0.0,0.0,0.0,0.00504,0.0,0.0,0.0,0.01,0.01,0.0,0.0,0.0252,0.09,0.0126,0.0,0.04878048780487805,0.1875,2.9664562618569255,0.045454545454545456,0.04,2.4210526315789473,0.0,0.0,0.029411764705882353,0.03333333333333333,7.416140654642314,0.9878299351983563,0.5348837209302325,0.01,0.0,0.0,0.0,0.01134,0.0,0.0,0.0,0.0,0.00756,0.01,0.01,0.0,0.0,0.0,0.0126,0.07547169811320754,0.02,0.0,0.0,0.0,0.05,0.0,0.0,0.0,0.02,0.0,0.0,0.00504,0.0,0.041237113402061855,0.01008,0.0
2018-07-29,0.0,0.0,0.0136986301369863,0.008820000000000001,0.0,0.00756,0.0,0.0,0.15,0.0,0.0,0.01,0.2,45.98007205878235,0.0,0.0,0.0,0.0,0.0,0.0,0.0,0.0,0.01,0.0,0.02,0.0063,0.00378,0.00504,0.46,0.0,0.0,0.07317073170731707,0.21875,2.9664562618569255,0.045454545454545456,0.08,2.0526315789473686,0.02,0.0,0.029411764705882353,0.03333333333333333,7.416140654642314,1.1853959222380275,0.46511627906976744,0.0,0.0,0.01,0.0,0.0,0.0,0.0,0.0,0.0,0.0,0.0,0.0,0.0,0.0,0.0,0.0,0.09433962264150944,0.0,0.0,0.0189,0.0,0.04,0.0126,0.12,0.0,0.0,0.0,0.0,0.0,0.0,0.020618556701030927,0.0,0.0
2018-08-05,0.0,0.012048192771084338,0.0,0.00756,0.0,0.0063,0.0,0.0,0.2,0.01,0.0,0.01,0.2,44.49684392785388,0.0,0.0,0.00756,0.0,0.0,0.0063,0.0,0.0,0.0,0.0,0.04,0.01386,0.0,0.0,0.12,0.0,0.0,0.07317073170731707,0.125,2.9664562618569255,0.0,0.04,1.3157894736842106,0.0,0.0,0.0,0.03333333333333333,8.899368785570775,1.1853959222380275,0.4186046511627907,0.0,0.0,0.0,0.0,0.0,0.0126,0.0,0.0,0.0,0.0,0.0,0.0,0.0,0.0,0.0,0.0,0.07547169811320754,0.03,0.01008,0.0,0.0,0.07,0.0,0.05,0.01,0.0,0.0,0.00504,0.0,0.00504,0.0,0.0,0.0
2018-08-12,0.0,0.012048192771084338,0.0,0.01386,0.0,0.00504,0.0,0.0,0.26,0.01,0.0,0.01,0.0,43.013615796925414,0.0063,0.0,0.0,0.0,0.0,0.01008,0.0,0.0,0.01,0.0,0.02,0.00378,0.01134,0.0,0.1,0.0,0.0,0.07317073170731707,0.1875,4.449684392785388,0.0,0.04,1.4210526315789473,0.01,0.0,0.029411764705882353,0.0,8.899368785570775,0.9878299351983563,0.45348837209302323,0.0,0.0,0.01,0.0,0.0,0.0,0.0,0.0,0.00756,0.0,0.0,0.0,0.0,0.0,0.0,0.0,0.09433962264150944,0.0,0.0063,0.0,0.0,0.05,0.0,0.01,0.0,0.0,0.21,0.0,0.0063,0.0063,0.0,0.0,0.0
2018-08-19,0.0,0.0,0.0136986301369863,0.008820000000000001,0.0,0.01386,0.0063,0.0,0.19,0.0,0.02268,0.01,0.0,44.49684392785388,0.00756,0.0,0.0,0.0,0.0,0.01008,0.0,0.0,0.01,0.0,0.03,0.0063,0.00378,0.0,0.12,0.06426,1.4832281309284627,0.04878048780487805,0.28125,2.9664562618569255,0.0,0.08,1.368421052631579,0.0,0.01,0.029411764705882353,0.03333333333333333,5.932912523713851,1.1853959222380275,0.45348837209302323,0.0,0.0,0.0,0.0,0.0,0.0126,0.0,0.0,0.0,0.0,0.0,0.0,0.0,19.281965702070018,0.008820000000000001,0.0,0.11320754716981132,0.01,0.0,0.01386,0.01,0.04,0.00504,0.01,0.0,0.0,0.13,0.0,0.00378,0.0,0.0,0.0,0.0
2018-08-26,0.0,0.0,0.0,0.008820000000000001,0.0063,0.0,0.0,0.01512,0.36,0.01,0.0,0.01,0.0,43.013615796925414,0.008820000000000001,0.0,0.0,0.0,0.0,0.01134,0.0,0.0,0.0,0.0,0.03,0.01512,0.01386,0.0,0.09,0.00504,1.4832281309284627,0.04878048780487805,0.125,2.9664562618569255,0.0,0.04,1.368421052631579,0.0,0.0,0.029411764705882353,0.13333333333333333,7.416140654642314,1.1853959222380275,0.47674418604651164,0.01,0.0,0.0,0.011904761904761904,0.0,0.0,0.0,0.0,0.0063,0.0,0.0,0.0,0.01,1.4832281309284627,0.0,0.0,0.09433962264150944,0.0,0.0,0.01008,0.0,0.04,0.0,0.01,0.0,0.01,0.09,0.0,0.0,0.008820000000000001,0.0,0.0,0.0
2018-09-02,0.0,0.012048192771084338,0.0410958904109589,0.00756,0.0,0.00504,0.0,0.0,0.33,0.0,0.0,0.0,0.0,43.013615796925414,0.0,0.0,0.0,0.0,0.008820000000000001,0.0,0.0,0.0,0.0,0.0,0.04,0.0063,0.0,0.008820000000000001,0.13,0.0,1.4832281309284627,0.04878048780487805,0.1875,2.9664562618569255,0.0,0.08,1.631578947368421,0.0,0.0,0.029411764705882353,0.03333333333333333,7.416140654642314,0.9878299351983563,0.47674418604651164,0.0,0.0,0.01,0.0,0.0,0.0,0.0,0.0,0.0,0.0,0.01,0.0,0.47,1.4832281309284627,0.0,0.0,0.05660377358490566,0.01,0.0,0.0,0.01,0.06,0.0,0.01,0.0,0.0,0.04,0.0,0.0,0.0063,0.0,0.0126,0.0
2018-09-09,0.0,0.0,0.0136986301369863,0.0,0.0,0.0,0.0,0.0,0.23,0.0,0.0,0.02,0.0,41.53038766599696,0.0,0.0,0.0063,0.00378,0.0,0.01134,0.0,0.0,0.02,0.0,0.03,0.0,0.0,0.00504,0.13,0.0,0.0,0.07317073170731707,0.125,1.4832281309284627,0.0,0.04,1.368421052631579,0.0,0.01,0.029411764705882353,0.03333333333333333,7.416140654642314,0.9878299351983563,0.38372093023255816,0.0,0.02,0.0,0.011904761904761904,0.0,0.0189,0.0,0.0,0.0,0.0,0.0,0.18,0.16,0.0,0.008820000000000001,0.0,0.09433962264150944,0.0,0.0,0.0,0.0,0.06,0.0,0.01,0.0,0.0,0.02,0.0,0.0,0.0063,0.0,0.0,0.0
2018-09-16,0.0,0.012048192771084338,0.0,0.00504,0.0,0.0,0.0,0.0,0.21,0.01,0.0,0.02,0.0,41.53038766599696,0.0,0.0,0.00504,0.0,0.0,0.0,0.0,0.0,0.0,0.01,0.01,0.0,0.0,0.0,0.1,0.01008,1.4832281309284627,0.024390243902439025,0.15625,2.9664562618569255,0.0,0.08,1.3157894736842106,0.0,0.0,0.029411764705882353,0.03333333333333333,5.932912523713851,0.9878299351983563,0.38372093023255816,0.01,0.0,0.0,0.0,0.0,0.0,0.0,0.0,0.016380000000000002,0.0,0.0,0.02,0.2,0.0,0.00504,0.0,0.05660377358490566,0.01,0.0,0.0,0.01,0.07,0.0,0.0,0.0,0.0,0.0,0.0,0.0,0.00756,0.0,0.0,0.0
2018-09-23,0.0,0.0,0.0136986301369863,0.01134,0.0,0.0,0.0,0.0,0.3,0.0,0.0,0.0,0.0,44.49684392785388,0.0,0.0,0.0,0.0,0.0,0.0,0.0,0.0,0.01,0.0,0.03,0.00504,0.0,0.0,0.1,0.032760000000000004,1.4832281309284627,0.024390243902439025,0.28125,1.4832281309284627,0.0,0.08,2.3684210526315788,0.01,0.0,0.029411764705882353,0.03333333333333333,5.932912523713851,0.9878299351983563,0.4418604651162791,0.0,0.0,0.0,0.0,0.0,0.016380000000000002,0.0,0.0,0.0,0.0,0.0,0.0,0.01,1.4832281309284627,0.01134,0.0,0.05660377358490566,0.01,0.0,0.0,0.0,0.06,0.0,0.0,0.0,0.0,0.02,0.0,0.0,0.0,0.0,0.0,0.0
2018-09-30,0.0,0.012048192771084338,0.0,0.008820000000000001,0.0,0.01008,0.0,0.0,0.14,0.0,0.0,0.01,0.0,50.429756451567734,0.0,0.0,0.00756,0.0,0.0,0.00504,0.0,0.0,0.0,0.0,0.02,0.01134,0.0,0.0,0.1,0.00756,0.0,0.04878048780487805,0.15625,1.4832281309284627,0.045454545454545456,0.04,3.8947368421052633,0.0,0.0,0.029411764705882353,0.03333333333333333,5.932912523713851,1.1853959222380275,0.4186046511627907,0.01,0.0,0.0,0.0,0.02142,0.0,0.0,0.0,0.0,0.0,0.0,0.0,0.03,1.4832281309284627,0.00504,0.0,0.05660377358490566,0.0,0.0,0.0,0.01,0.05,0.0,0.01,0.0,0.01,0.0,0.0,0.0,0.0,0.041237113402061855,0.0,0.00378
2018-10-07,0.0,0.024096385542168676,0.0136986301369863,0.00756,0.0,0.0,0.0,0.008820000000000001,0.2,0.0,0.0,0.01,0.0,45.98007205878235,0.0,0.028980000000000002,0.00756,0.0063,0.0,0.00504,0.0,0.0,0.0,0.01,0.03,0.01386,0.0,0.0,0.08,0.00504,1.4832281309284627,0.04878048780487805,0.21875,1.4832281309284627,0.7272727272727273,0.04,1.894736842105263,0.0,0.0,0.0,0.03333333333333333,5.932912523713851,0.9878299351983563,0.5465116279069767,0.0,0.0,0.0,0.03571428571428571,0.0,0.0,0.0,0.0,0.0,0.0,0.0,0.0,0.0,0.0,0.00756,0.0,0.05660377358490566,0.01,0.0,0.0,0.0,0.07,0.0,0.0,0.01,0.0,0.01,0.0,0.0,0.0,0.020618556701030927,0.0,0.0
2018-10-14,0.0,0.012048192771084338,0.0273972602739726,0.00504,0.0,0.01134,0.0,0.0,0.15,0.0,0.0,0.0,0.0,44.49684392785388,0.01386,0.0,0.0,0.0063,0.0,0.01008,0.0,0.0,0.01,0.0,0.04,0.0,0.0,0.01008,0.1,0.0,0.0,0.04878048780487805,0.1875,1.4832281309284627,0.13636363636363635,0.04,1.368421052631579,0.0,0.0,0.029411764705882353,0.03333333333333333,5.932912523713851,0.9878299351983563,0.3488372093023256,0.0,0.0,0.0,0.0,0.0,0.008820000000000001,0.0,0.0,0.0,0.0,0.0,0.0,0.0,0.0,0.0,0.0,0.07547169811320754,0.0,0.0,0.01386,0.01,0.06,0.0,0.01,0.0,0.0,0.01,0.00756,0.0,0.00504,0.0,0.0,0.0
2018-10-21,0.0,0.0,0.0684931506849315,0.016380000000000002,0.0,0.0,0.0,0.0,0.15,0.01,0.0,0.01,0.0,43.013615796925414,0.0,0.0,0.0,0.0063,0.0,0.01008,0.0,0.0,0.0,0.0,0.02,0.0,0.0,0.008820000000000001,0.11,0.0,0.0,0.07317073170731707,0.1875,2.9664562618569255,0.045454545454545456,0.04,1.3157894736842106,0.0,0.01,0.029411764705882353,0.03333333333333333,7.416140654642314,1.1853959222380275,0.3953488372093023,0.0,0.0,0.0,0.0,0.0,0.0,0.0,0.0,0.0,0.0063,0.01,0.01,0.02,0.0,0.0,0.0,0.07547169811320754,0.0,0.008820000000000001,0.0,0.0,0.1,0.0,0.0,0.01,0.01,0.0,0.0,0.0,0.01008,0.0,0.0,0.0
2018-10-28,0.0,0.012048192771084338,0.0136986301369863,0.016380000000000002,0.0,0.0,0.0,0.01386,0.16,0.02,0.0,0.0,0.0,43.013615796925414,0.0,0.00504,0.0,0.0,0.0,0.01134,0.00378,0.0,0.0,0.01,0.03,0.00378,0.0189,0.0,0.13,0.00756,0.0,0.04878048780487805,0.25,2.9664562618569255,0.045454545454545456,0.04,2.526315789473684,0.0,0.0,0.029411764705882353,0.03333333333333333,5.932912523713851,1.1853959222380275,0.37209302325581395,0.01,0.01,0.0,0.0,0.0,0.0,0.0,0.0,0.0,0.01008,0.01,0.0,0.02,0.0,0.0,0.0,0.07547169811320754,0.0,0.0,0.0,0.01,0.15,0.0,0.01,0.01,0.0,0.0,0.0,0.0,0.01512,0.0,0.00378,0.0
2018-11-04,0.0,0.0,0.0136986301369863,0.016380000000000002,0.0,0.0,0.0,0.0,0.18,0.01,0.0,0.0,0.0,47.46330018971081,0.0,0.00756,0.0,0.0,0.0,0.00756,0.0,0.00504,0.0,0.0,0.04,0.00756,0.00504,0.00504,0.14,0.0,0.0,0.07317073170731707,0.34375,1.4832281309284627,0.0,0.04,1.8421052631578947,0.02,0.0,0.029411764705882353,0.03333333333333333,5.932912523713851,0.7902639481586851,0.36046511627906974,0.0,0.0,0.01,0.011904761904761904,0.00756,0.0,0.0,0.0,0.0,0.0,0.0,0.0,0.01,0.0,0.0,0.0,0.09433962264150944,0.0,0.0,0.0,0.0,0.07,0.0,0.0,0.0,0.0,0.0,0.00378,0.00378,0.0,0.010309278350515464,0.00504,0.0
2018-11-11,0.0,0.0,0.0,0.008820000000000001,0.0,0.0,0.0,0.0,0.2,0.01,0.0,0.0,0.0,44.49684392785388,0.0,0.0,0.0,0.01008,0.0,0.00756,0.0,0.0,0.0,0.0,0.01,0.0063,0.0,0.01134,0.11,0.0,0.0,0.04878048780487805,0.25,1.4832281309284627,0.0,0.96,1.4210526315789473,0.0,0.0,0.029411764705882353,0.03333333333333333,5.932912523713851,0.9878299351983563,0.36046511627906974,0.0,0.0,0.01,0.0,0.0,0.0,0.0,0.0,0.0,0.00756,0.0,0.0,0.0,0.0,0.00378,0.01008,0.49056603773584906,0.0,0.0,0.0,0.0,0.06,0.0,0.0,0.01,0.0,0.01,0.0,0.0,0.0,0.0,0.0,0.0
2018-11-18,0.0,0.0,0.0,0.0,0.01008,0.0,0.0,0.0,0.15,0.0,0.00504,0.01,0.0,43.013615796925414,0.0,0.0,0.0,0.0,0.0,0.0,0.0,0.0,0.0,0.0,0.03,0.0,0.0,0.0,0.1,0.0063,0.0,0.024390243902439025,0.21875,1.4832281309284627,0.045454545454545456,0.08,1.3157894736842106,0.0,0.0,0.029411764705882353,0.03333333333333333,5.932912523713851,0.7902639481586851,0.38372093023255816,0.0,0.0,0.01,0.0,0.0,0.0063,0.0,0.0,0.0,0.0,0.0,0.01,0.0,0.0,0.0,0.0,1.1886792452830188,0.0,0.008820000000000001,0.0,0.0,0.06,0.0,0.0,0.0,0.0,0.01,0.0,0.0,0.0,0.010309278350515464,0.0,0.0
2018-11-25,0.0,0.012048192771084338,0.0136986301369863,0.00756,0.0,0.0,0.0,0.0,0.15,0.0,0.0,0.0,0.0,45.98007205878235,0.00504,0.0,0.0,0.0,0.0,0.00504,0.0,0.0,0.01,0.0,0.03,0.00504,0.0,0.01008,0.09,0.0,0.0,0.04878048780487805,0.21875,1.4832281309284627,0.0,0.08,1.2105263157894737,0.0,0.0,0.0,0.03333333333333333,5.932912523713851,0.7902639481586851,0.4069767441860465,0.02,0.0,0.0,0.0,0.0,0.0,0.00504,0.0,0.0,0.00504,0.0,0.0,0.0,0.0,0.00378,0.0,0.660377358490566,0.01,0.0,0.0126,0.01,0.05,0.0,0.01,0.01,0.0,0.0,0.0,0.0,0.01512,0.0,0.0,0.0
2018-12-02,0.0,0.0,0.0,0.0126,0.0,0.0,0.0,0.0,0.17,0.0,0.0063,0.01,0.0,48.946528320639274,0.0,0.0,0.0,0.0,0.0,0.0,0.00756,0.0,0.0,0.0,0.02,0.01134,0.00504,0.01134,0.12,0.0,0.0,0.024390243902439025,0.25,1.4832281309284627,0.0,0.04,1.7894736842105263,0.0,0.0,0.029411764705882353,0.03333333333333333,5.932912523713851,0.9878299351983563,0.46511627906976744,0.0,0.0,0.0,0.0,0.0,0.0,0.0,0.0,0.0,0.0,0.0,0.0,0.01,0.0,0.0,0.0,0.4716981132075472,0.06,0.02142,0.0,0.0,0.05,0.0,0.0,0.0,0.0,0.0,0.0,0.0126,0.0,0.0,0.0,0.0
2018-12-09,0.0,0.0,0.0,0.0126,0.0,0.0,0.00756,0.0,0.17,0.0,0.0,0.01,0.0,50.429756451567734,0.0,0.0,0.0,0.02394,0.0063,0.00378,0.0,0.0,0.0,0.0,0.02,0.02016,0.0,0.02268,0.12,0.0,0.0,0.04878048780487805,0.21875,1.4832281309284627,0.0,0.04,1.3157894736842106,0.0,0.01,0.0,0.03333333333333333,5.932912523713851,1.1853959222380275,0.43023255813953487,0.0,0.0,0.0,0.0,0.0,0.00756,0.0,0.0,0.0,0.0,0.0,0.0,0.0,0.0,0.0,0.01008,0.39622641509433965,0.03,0.00504,0.0,0.01,0.06,0.0,0.0,0.02,0.0,0.0,0.0,0.0,0.017640000000000003,0.0,0.0,0.0
2018-12-16,0.0,0.0,0.0136986301369863,0.00504,0.0,0.0,0.00504,0.0,0.17,0.01,0.0,0.01,0.0,44.49684392785388,0.0,0.0,0.00756,0.0,0.0063,0.008820000000000001,0.0,0.0,0.0,0.0,0.01,0.0063,0.008820000000000001,0.00756,0.1,0.0,0.0,0.04878048780487805,0.375,1.4832281309284627,0.045454545454545456,0.04,1.4210526315789473,0.02,0.01,0.058823529411764705,0.03333333333333333,7.416140654642314,0.9878299351983563,0.43023255813953487,0.0,0.0,0.01,0.011904761904761904,0.0,0.0,0.0,0.0,0.0,0.0,0.0,0.0,0.0,0.0,0.0,0.0,0.32075471698113206,0.0,0.00756,0.0,0.0,0.04,0.0,0.0,0.0,0.0,0.01,0.0,0.0,0.00756,0.010309278350515464,0.0,0.01134
2018-12-23,0.0,0.0,0.0,0.016380000000000002,0.0,0.0,0.0,0.0,0.19,0.01,0.00756,0.0,0.0,48.946528320639274,0.0,0.0,0.0,0.0,0.0,0.00504,0.0,0.0,0.0,0.0,0.02,0.0,0.0,0.0,0.13,0.0,0.0,0.024390243902439025,0.3125,2.9664562618569255,0.0,0.04,1.7894736842105263,0.0,0.01,0.029411764705882353,0.03333333333333333,8.899368785570775,1.1853959222380275,0.47674418604651164,0.01,0.01,0.01,0.0,0.0,0.0,0.0,0.0,0.0,0.0,0.0,0.0,0.0,0.0,0.0252,0.0,0.39622641509433965,0.05,0.0,0.0,0.0,0.06,0.0,0.0,0.01,0.0,0.0,0.008820000000000001,0.0,0.0,0.010309278350515464,0.0063,0.0
2018-12-30,0.0,0.012048192771084338,0.0136986301369863,0.0063,0.0,0.0,0.0,0.0,0.23,0.0,0.0,0.0,0.0,50.429756451567734,0.0,0.01134,0.01008,0.0,0.0,0.0,0.0,0.0063,0.0,0.0,0.02,0.00756,0.0,0.0,0.16,0.0,0.0,0.04878048780487805,0.25,2.9664562618569255,0.0,0.04,2.0526315789473686,0.01,0.0,0.0,0.06666666666666667,8.899368785570775,1.3829619092776988,0.5930232558139535,0.0,0.0,0.0,0.011904761904761904,0.0,0.0063,0.0,0.0,0.0126,0.0,0.0,0.0,0.0,0.0,0.0,0.0,0.32075471698113206,0.04,0.0,0.0,0.0,0.04,0.0,0.01,0.0,0.0,0.01,0.0,0.0,0.0,0.010309278350515464,0.0,0.0
