date,Robert Moore + metoo,Robert Moore + sexual harassment,Robert Moore + sexual,Robert Moore + healmetoo,Robert Moore + assault,Robert Moore + rape,Robert Moore + harassed,Sam Adams + metoo,Sam Adams + sexual harassment,Sam Adams + sexual,Sam Adams + healmetoo,Sam Adams + assault,Sam Adams + rape,Sam Adams + harassed,Steven Seagal + metoo,Steven Seagal + sexual harassment,Steven Seagal + sexual,Steven Seagal + healmetoo,Steven Seagal + assault,Steven Seagal + rape,Steven Seagal + harassed,Ed Murray + metoo,Ed Murray + sexual harassment,Ed Murray + sexual,Ed Murray + healmetoo,Ed Murray + assault,Ed Murray + rape,Ed Murray + harassed,Chuck Close + metoo,Chuck Close + sexual harassment,Chuck Close + sexual,Chuck Close + healmetoo,Chuck Close + assault,Chuck Close + rape,Chuck Close + harassed,Clay Johnson + metoo,Clay Johnson + sexual harassment,Clay Johnson + sexual,Clay Johnson + healmetoo,Clay Johnson + assault,Clay Johnson + rape,Clay Johnson + harassed,Paul Shapiro + metoo,Paul Shapiro + sexual harassment,Paul Shapiro + sexual,Paul Shapiro + healmetoo,Paul Shapiro + assault,Paul Shapiro + rape,Paul Shapiro + harassed,John Moore + metoo,John Moore + sexual harassment,John Moore + sexual,John Moore + healmetoo,John Moore + assault,John Moore + rape,John Moore + harassed,Stephen Henderson + metoo,Stephen Henderson + sexual harassment,Stephen Henderson + sexual,Stephen Henderson + healmetoo,Stephen Henderson + assault,Stephen Henderson + rape,Stephen Henderson + harassed,David Sweeney + metoo,David Sweeney + sexual harassment,David Sweeney + sexual,David Sweeney + healmetoo,David Sweeney + assault,David Sweeney + rape,David Sweeney + harassed,Ed Crane + metoo,Ed Crane + sexual harassment,Ed Crane + sexual,Ed Crane + healmetoo,Ed Crane + assault,Ed Crane + rape,Ed Crane + harassed,Kevin Braun + metoo,Kevin Braun + sexual harassment,Kevin Braun + sexual,Kevin Braun + healmetoo,Kevin Braun + assault,Kevin Braun + rape,Kevin Braun + harassed,Daniel Handler + metoo,Daniel Handler + sexual harassment,Daniel Handler + sexual,Daniel Handler + healmetoo,Daniel Handler + assault,Daniel Handler + rape,Daniel Handler + harassed,Cristiano Ronaldo + metoo,Cristiano Ronaldo + sexual harassment,Cristiano Ronaldo + sexual,Cristiano Ronaldo + healmetoo,Cristiano Ronaldo + assault,Cristiano Ronaldo + rape,Cristiano Ronaldo + harassed,Luc Besson + metoo,Luc Besson + sexual harassment,Luc Besson + sexual,Luc Besson + healmetoo,Luc Besson + assault,Luc Besson + rape,Luc Besson + harassed,Curt Anderson + metoo,Curt Anderson + sexual harassment,Curt Anderson + sexual,Curt Anderson + healmetoo,Curt Anderson + assault,Curt Anderson + rape,Curt Anderson + harassed,Nick Carter + metoo,Nick Carter + sexual harassment,Nick Carter + sexual,Nick Carter + healmetoo,Nick Carter + assault,Nick Carter + rape,Nick Carter + harassed,Sherman Alexie + metoo,Sherman Alexie + sexual harassment,Sherman Alexie + sexual,Sherman Alexie + healmetoo,Sherman Alexie + assault,Sherman Alexie + rape,Sherman Alexie + harassed,Ron Jeremy + metoo,Ron Jeremy + sexual harassment,Ron Jeremy + sexual,Ron Jeremy + healmetoo,Ron Jeremy + assault,Ron Jeremy + rape,Ron Jeremy + harassed,Roy Price + metoo,Roy Price + sexual harassment,Roy Price + sexual,Roy Price + healmetoo,Roy Price + assault,Roy Price + rape,Roy Price + harassed,Donovan McNabb + metoo,Donovan McNabb + sexual harassment,Donovan McNabb + sexual,Donovan McNabb + healmetoo,Donovan McNabb + assault,Donovan McNabb + rape,Donovan McNabb + harassed,Dean Westlake + metoo,Dean Westlake + sexual harassment,Dean Westlake + sexual,Dean Westlake + healmetoo,Dean Westlake + assault,Dean Westlake + rape,Dean Westlake + harassed,David Diaz + metoo,David Diaz + sexual harassment,David Diaz + sexual,David Diaz + healmetoo,David Diaz + assault,David Diaz + rape,David Diaz + harassed,Morgan Freeman + metoo,Morgan Freeman + sexual harassment,Morgan Freeman + sexual,Morgan Freeman + healmetoo,Morgan Freeman + assault,Morgan Freeman + rape,Morgan Freeman + harassed,Michael Meredith + metoo,Michael Meredith + sexual harassment,Michael Meredith + sexual,Michael Meredith + healmetoo,Michael Meredith + assault,Michael Meredith + rape,Michael Meredith + harassed,David Blaine + metoo,David Blaine + sexual harassment,David Blaine + sexual,David Blaine + healmetoo,David Blaine + assault,David Blaine + rape,David Blaine + harassed,Justin Caldbeck + metoo,Justin Caldbeck + sexual harassment,Justin Caldbeck + sexual,Justin Caldbeck + assault,Justin Caldbeck + rape,Justin Caldbeck + harassed,Dustin Hoffman + metoo,Dustin Hoffman + sexual harassment,Dustin Hoffman + sexual,Dustin Hoffman + healmetoo,Dustin Hoffman + assault,Dustin Hoffman + rape,Dustin Hoffman + harassed,Kimberly Guilfoyle + metoo,Kimberly Guilfoyle + sexual harassment,Kimberly Guilfoyle + sexual,Kimberly Guilfoyle + healmetoo,Kimberly Guilfoyle + assault,Kimberly Guilfoyle + rape,Kimberly Guilfoyle + harassed,Bruce Weber + metoo,Bruce Weber + sexual harassment,Bruce Weber + sexual,Bruce Weber + healmetoo,Bruce Weber + assault,Bruce Weber + rape,Bruce Weber + harassed
2017-10-01,4,24,71,42,63,70,27,12,30,71,45,66,71,50,42,48,74,68,75,74,69,3,22,71,42,63,70,22,5,24,71,33,63,71,28,3,22,71,39,64,71,22,3,21,71,45,63,70,22,8,26,71,18,63,71,26,3,22,71,32,63,70,23,3,21,71,16,63,70,21,2,21,71,20,63,71,20,3,21,71,20,63,70,21,2,21,71,6,63,70,20,12,13,34,12,21,35,12,8,26,72,13,64,70,19,2,21,71,7,63,70,20,8,18,70,10,64,71,15,6,25,71,26,64,71,33,12,31,71,59,65,71,49,4,22,71,11,63,71,17,4,23,71,11,64,71,22,2,21,71,0,63,71,20,4,22,71,51,64,71,26,11,13,56,11,36,62,11,3,22,71,61,63,70,23,8,26,71,25,64,71,28,2,21,71,63,71,20,13,18,71,13,61,72,15,6,20,71,4,64,71,8,3,21,71,5,63,70,23
2017-10-08,5,42,81,48,59,77,42,12,48,81,45,62,78,59,34,52,82,54,65,80,59,3,42,81,54,59,78,39,4,42,82,33,59,77,42,3,42,81,53,59,78,39,2,41,81,35,59,77,38,7,45,81,18,59,77,34,2,42,81,22,59,77,38,2,41,81,26,59,78,38,2,41,81,20,59,77,37,2,41,81,21,59,77,38,2,41,81,11,59,77,38,12,14,36,12,20,38,12,7,45,81,12,60,77,24,2,41,81,7,59,77,36,10,32,81,13,60,78,21,5,43,81,21,59,77,43,12,48,81,59,61,77,57,15,54,83,91,63,79,62,6,44,82,24,60,78,45,2,41,81,0,59,77,37,3,42,81,51,59,78,42,61,66,86,63,71,89,63,2,41,81,43,59,78,38,7,44,82,22,60,78,34,2,41,81,59,78,37,12,25,81,12,56,78,16,10,40,82,9,61,78,16,3,40,81,6,59,78,40
2017-10-15,82,65,89,52,68,74,100,81,68,89,40,70,74,98,81,57,88,42,70,76,64,82,65,89,29,67,74,100,83,67,89,38,68,74,100,82,65,89,39,68,74,100,82,65,89,43,68,74,100,81,66,89,20,68,74,69,82,66,89,20,68,74,100,82,64,89,17,68,74,100,82,65,89,21,68,74,100,82,65,89,6,68,74,100,82,65,89,18,68,74,100,15,14,39,11,20,36,12,82,67,89,13,68,74,49,82,65,89,22,68,74,100,81,46,88,11,69,74,38,82,67,89,24,68,74,100,74,69,89,59,70,74,100,91,75,90,85,71,75,100,82,66,89,13,68,74,90,82,65,89,23,68,74,100,82,66,89,47,68,74,100,47,41,80,32,54,75,35,82,65,89,59,67,74,100,87,76,90,61,73,75,100,82,65,89,68,74,100,51,34,89,13,65,75,24,77,55,89,5,69,75,26,82,64,89,6,68,75,100
2017-10-22,38,54,83,55,60,74,41,42,59,83,42,62,75,56,49,51,83,40,65,77,46,36,53,83,34,60,75,36,37,55,83,37,60,74,42,36,53,83,30,60,74,36,36,53,83,51,60,74,37,40,55,83,19,60,75,34,36,53,83,19,60,74,36,36,52,83,18,60,74,36,36,53,83,5,60,74,35,36,53,83,13,60,74,36,36,53,83,12,60,74,37,18,19,41,17,25,40,17,40,55,83,12,62,75,23,35,53,83,14,60,74,35,41,39,83,11,61,74,20,38,55,84,23,60,75,44,38,58,84,54,62,74,53,38,55,83,24,61,75,32,39,56,84,23,61,75,44,36,53,84,0,60,74,35,37,54,84,53,60,74,41,15,16,64,10,35,64,11,36,53,84,66,60,74,37,41,59,83,34,62,75,42,36,53,84,60,74,37,29,29,83,11,57,75,15,36,47,84,5,60,75,12,37,52,84,8,60,74,40
2017-10-29,26,62,85,60,64,75,38,42,74,87,89,71,76,92,41,55,85,40,67,76,44,24,62,85,32,63,75,31,26,63,85,38,64,75,38,24,62,85,33,64,74,31,24,62,85,51,64,74,31,28,63,85,20,64,75,33,24,62,85,18,64,74,31,24,61,85,17,64,74,30,24,62,85,25,64,74,30,24,62,85,18,64,74,31,24,62,85,12,64,74,31,13,15,38,12,21,37,12,29,64,85,15,65,74,24,24,62,85,29,64,74,30,27,43,84,9,64,74,17,26,63,85,21,64,74,37,31,68,85,72,67,75,61,25,63,85,18,64,75,26,25,62,85,9,64,75,29,24,62,85,34,64,74,30,24,62,85,33,64,74,33,13,17,65,10,35,63,10,24,62,85,66,64,75,32,27,63,85,26,66,75,34,24,62,86,64,74,30,100,100,100,100,100,88,100,24,52,85,3,65,75,9,25,60,86,7,64,74,34
2017-11-05,26,67,95,56,82,73,37,40,76,96,77,86,74,84,73,100,100,100,100,80,100,24,66,95,45,81,73,31,25,67,95,36,81,73,37,24,66,94,41,81,73,31,24,66,95,62,82,73,32,31,69,95,27,82,74,37,24,66,95,22,81,73,31,24,65,95,17,82,73,30,24,66,95,10,81,73,29,24,66,95,11,82,73,30,24,66,95,22,81,73,32,11,13,39,10,22,35,11,30,69,95,17,83,73,25,24,66,95,42,81,73,30,28,46,94,10,82,73,17,26,67,95,22,82,73,37,28,68,95,58,84,74,52,31,72,95,51,84,74,41,26,67,95,14,82,73,32,24,66,95,0,81,73,29,25,66,95,54,82,73,35,12,17,70,9,42,62,10,24,67,95,88,82,73,33,29,68,95,30,84,74,37,24,66,95,81,73,29,41,48,97,36,86,78,36,24,55,95,4,82,73,10,24,64,95,6,81,73,32
2017-11-12,27,81,97,95,76,71,50,33,82,97,52,77,71,63,44,67,96,45,79,73,51,23,80,97,37,74,71,35,25,81,98,45,75,70,45,24,80,97,48,75,71,37,23,80,97,32,74,70,36,30,80,97,26,75,71,40,23,80,97,15,74,70,35,24,80,97,36,74,71,37,23,80,97,10,74,71,34,23,80,97,11,74,71,36,23,80,97,9,74,70,36,19,22,48,18,28,41,19,29,80,97,16,76,71,26,23,80,97,14,74,70,35,27,54,96,9,75,70,17,25,80,97,21,75,70,42,35,84,98,89,79,72,78,26,80,98,20,75,71,31,24,80,97,11,74,71,34,23,80,97,0,74,71,35,24,80,97,46,75,71,40,12,20,73,9,39,60,10,23,80,97,39,74,70,36,26,80,97,26,76,71,36,23,80,98,74,71,37,25,40,97,15,71,72,18,23,65,97,3,75,70,10,24,78,98,7,75,70,38
2017-11-19,27,76,89,61,64,69,38,33,78,89,45,66,69,56,39,59,88,34,65,70,39,26,76,89,49,63,69,33,26,76,89,23,63,69,33,25,76,89,26,63,69,31,25,76,89,37,63,69,32,31,78,89,24,65,69,36,25,77,89,21,63,69,32,26,75,89,27,63,69,31,25,76,89,15,63,69,31,25,76,89,12,63,69,31,25,76,89,11,63,69,31,13,15,39,12,20,34,12,32,79,89,18,65,69,26,25,76,89,7,63,69,30,84,100,95,100,86,76,100,26,76,89,13,63,69,32,32,79,89,71,67,69,64,26,76,89,13,63,69,24,27,77,89,17,64,69,35,25,76,89,0,63,69,30,27,77,89,53,64,69,36,13,21,68,10,36,60,11,25,76,89,44,63,69,31,28,76,89,22,65,69,31,25,76,89,63,69,31,22,36,87,10,60,70,13,27,64,89,5,64,69,11,26,74,89,5,64,69,32
2017-11-26,25,100,100,61,79,70,50,30,100,100,40,80,70,59,35,77,97,30,78,71,39,23,100,100,42,78,70,45,25,100,100,38,78,70,49,23,100,100,34,79,70,45,23,100,100,36,78,70,45,28,100,100,22,78,71,40,23,100,100,13,78,70,43,25,100,100,100,79,70,51,23,100,100,24,79,70,43,23,100,100,15,78,70,44,23,100,100,19,78,70,45,12,16,42,11,21,34,11,28,100,100,15,80,70,28,23,100,100,7,78,70,44,42,79,100,32,84,72,41,25,100,100,20,79,70,48,28,100,100,57,80,70,60,25,100,100,17,79,70,33,25,100,100,16,79,70,44,23,100,100,0,79,70,43,24,100,100,53,79,70,49,13,28,76,11,42,61,12,24,100,100,72,78,70,47,27,100,100,28,80,71,41,23,100,100,78,70,43,20,47,98,10,71,70,14,24,82,100,4,79,70,13,26,100,100,26,79,71,59
2017-12-03,31,80,90,71,71,75,50,33,79,89,37,72,75,55,37,59,88,29,70,75,36,27,79,90,35,70,75,41,28,80,90,32,71,75,44,27,79,90,31,71,75,41,27,79,90,52,71,75,41,33,80,89,26,71,75,42,27,80,90,31,71,75,43,27,78,90,28,71,75,41,27,79,90,25,71,75,39,27,79,90,19,71,75,41,27,79,90,14,71,74,41,19,21,44,17,26,40,18,33,80,90,16,72,75,27,27,79,90,21,71,75,39,36,57,89,18,73,75,26,28,79,90,18,70,75,43,31,79,90,55,72,75,55,29,81,90,20,71,75,33,30,80,90,19,71,75,42,27,80,90,100,71,75,40,28,80,90,56,71,75,45,16,26,70,13,40,65,13,27,79,90,78,70,75,43,31,79,91,29,72,75,40,27,80,90,71,75,43,53,72,96,48,85,83,49,28,66,90,4,71,75,12,34,82,91,49,73,76,71
2017-12-10,28,88,89,100,64,69,53,31,86,88,40,65,70,54,34,64,86,28,63,70,35,25,88,88,88,63,69,43,26,88,88,36,63,69,43,24,87,88,33,63,69,38,24,87,88,41,63,69,38,33,89,89,34,65,70,46,26,89,89,100,63,69,49,24,86,88,18,63,69,37,24,88,88,15,63,69,37,24,88,88,14,63,69,38,24,87,88,11,63,69,38,15,18,41,14,22,36,14,29,87,88,14,64,70,25,24,88,89,49,63,69,38,30,59,88,12,63,69,21,26,87,89,18,63,69,42,29,86,88,57,64,69,56,28,89,89,34,64,70,38,41,100,91,100,69,71,100,24,88,88,89,63,69,39,25,88,89,58,63,70,43,12,22,67,9,35,60,10,25,87,89,63,63,70,40,29,87,89,29,65,70,40,24,88,89,63,69,39,52,78,95,49,77,76,49,25,72,88,4,63,69,12,26,86,89,13,63,70,45
2017-12-17,24,57,68,62,54,74,34,27,61,68,41,56,74,48,32,46,67,28,55,75,32,20,56,68,49,53,74,26,25,61,69,74,55,74,44,20,56,68,22,54,74,24,20,56,68,41,54,74,25,26,59,69,20,54,74,30,21,58,68,88,54,74,32,20,55,68,22,53,74,25,20,56,68,26,53,74,24,20,56,68,9,54,74,24,20,56,68,20,54,74,26,16,17,35,15,22,39,15,26,59,69,15,56,74,21,20,56,69,29,54,74,24,26,41,68,12,55,74,17,22,56,68,12,54,74,27,26,61,68,57,56,74,49,22,57,69,13,54,74,20,23,57,68,18,54,74,30,20,56,69,12,53,74,24,21,56,68,54,54,75,30,12,16,53,9,30,63,10,20,56,68,60,54,74,26,24,58,69,23,55,74,29,20,56,69,53,74,24,33,38,70,26,59,77,27,24,50,68,7,56,74,11,21,55,69,12,54,74,32
2017-12-24,17,37,60,63,50,73,31,23,40,60,39,54,73,45,33,40,60,37,56,74,40,15,34,60,43,49,74,22,16,34,60,23,49,73,24,15,33,60,29,49,73,20,15,33,60,33,49,73,20,20,38,61,19,51,74,27,15,34,60,23,49,73,21,15,33,60,16,49,73,20,15,33,60,11,49,73,18,15,33,60,6,49,73,19,15,33,60,14,49,73,21,14,15,31,13,20,37,13,23,41,60,19,53,73,23,15,33,60,23,49,73,19,24,29,60,15,53,74,19,15,33,60,6,48,73,19,22,41,60,59,53,73,47,16,34,60,12,49,74,17,17,35,60,15,50,73,25,15,33,60,0,49,73,19,16,34,60,40,50,73,24,15,16,49,13,33,65,13,16,34,60,78,49,73,22,20,38,60,26,52,73,28,15,33,60,49,73,19,24,27,61,19,53,75,20,17,29,60,4,50,74,8,16,34,60,11,49,73,25
2017-12-31,17,36,61,54,52,68,34,22,39,62,37,54,68,46,34,41,62,41,57,71,44,15,35,61,48,52,68,28,16,36,62,29,52,68,31,15,34,61,30,52,68,27,15,35,61,92,52,68,30,19,38,61,19,53,68,30,15,35,61,17,52,68,25,15,33,62,16,52,68,26,14,33,61,15,52,68,25,15,35,61,17,52,68,27,15,35,61,15,52,68,27,10,11,28,10,17,33,10,21,39,62,16,54,69,23,14,33,61,22,52,68,25,22,28,61,13,54,68,19,15,35,62,9,52,68,26,21,42,62,56,54,68,49,16,35,62,11,52,68,20,20,40,62,40,54,69,47,15,34,61,35,52,68,25,16,35,62,60,53,68,32,14,16,49,12,33,60,13,15,35,62,78,52,68,29,20,39,62,29,54,69,34,15,33,62,52,68,25,20,24,62,15,52,70,16,17,32,62,6,53,68,11,17,36,62,24,53,69,40
2018-01-07,35,51,76,59,57,71,36,39,54,75,39,59,71,49,50,50,76,46,63,73,49,33,48,75,40,57,71,27,35,50,75,34,57,71,34,33,48,75,34,57,71,28,34,48,75,52,57,71,29,36,51,75,17,57,72,28,34,48,75,26,57,71,28,33,47,75,11,57,71,27,33,48,75,24,57,71,26,33,48,75,8,57,71,27,33,48,75,17,57,71,28,12,12,34,10,18,35,10,37,52,76,13,59,71,21,33,48,75,21,57,71,26,38,36,75,11,58,71,17,35,49,75,16,57,71,32,36,54,75,55,59,71,49,34,48,75,11,57,71,21,37,53,76,27,58,71,38,33,48,76,33,57,71,26,34,49,76,57,57,71,33,14,15,58,10,33,62,11,33,48,76,54,57,71,28,35,52,76,25,59,71,32,33,48,76,57,71,27,29,28,75,13,56,72,16,33,41,76,4,57,71,9,36,51,76,25,58,71,42
2018-01-14,36,45,76,47,65,69,34,40,49,76,39,66,69,50,53,50,76,50,70,72,53,34,43,76,20,65,69,27,36,45,76,34,65,69,34,34,44,76,30,65,69,28,35,44,76,57,65,69,30,38,46,76,18,65,69,29,35,44,76,24,65,69,29,34,43,76,23,65,70,28,34,43,76,29,65,69,27,34,43,76,9,65,69,28,34,43,76,10,65,69,28,15,15,35,13,21,36,13,42,50,76,19,67,70,25,34,43,76,27,65,69,27,38,32,75,9,66,69,15,35,44,76,15,65,69,32,37,50,76,57,67,70,51,35,44,76,12,65,70,22,37,45,76,18,65,70,34,34,43,76,11,65,69,27,35,44,76,57,65,70,34,15,15,59,11,36,60,11,34,43,76,60,65,69,29,40,48,76,33,67,70,36,34,43,76,65,70,27,27,24,75,10,60,71,13,34,37,76,4,65,70,9,49,56,77,100,70,71,90
2018-01-21,30,44,77,57,60,68,35,34,47,77,38,61,68,47,45,47,77,43,63,70,46,28,43,77,36,59,68,29,31,45,77,43,60,68,37,27,43,77,20,60,68,27,28,43,77,61,60,68,29,32,46,77,20,60,68,31,28,43,77,28,60,67,29,28,43,77,28,60,68,28,27,43,77,42,60,68,27,27,43,77,13,60,68,27,27,43,77,10,59,67,27,18,18,39,16,24,38,17,33,47,78,16,62,68,23,27,43,77,34,60,67,27,33,32,76,11,61,67,17,30,44,77,18,60,68,33,37,54,78,81,64,68,69,28,44,77,12,60,68,22,34,49,77,40,61,68,47,27,43,77,21,60,68,26,28,43,77,38,59,68,30,25,27,66,19,41,64,20,28,43,77,55,59,68,28,31,45,77,23,61,68,30,27,42,78,60,68,26,22,23,76,9,54,68,11,29,37,77,5,61,68,10,32,46,78,34,61,68,49
2018-01-28,28,46,75,44,62,70,35,33,52,76,41,64,70,52,47,50,77,49,66,73,52,27,47,76,63,62,70,33,33,54,76,100,64,71,58,26,46,75,37,62,70,32,27,46,75,100,62,70,35,30,47,76,18,62,70,31,27,47,76,34,62,70,33,26,45,75,20,62,70,30,26,46,76,14,62,70,30,26,46,75,16,62,70,31,26,46,76,14,62,70,31,12,13,34,10,19,34,11,31,48,76,13,63,70,22,26,46,76,34,62,70,30,32,34,76,12,63,70,18,27,46,76,13,62,70,32,33,54,76,64,65,70,56,27,47,75,12,62,70,23,30,50,76,28,63,71,41,26,46,76,0,62,70,30,28,46,75,58,62,71,36,15,16,59,12,36,62,12,27,46,76,73,62,70,32,29,47,76,21,63,70,30,26,46,76,62,70,29,21,24,75,8,57,70,11,29,40,76,6,63,71,11,28,46,76,14,62,70,38
2018-02-04,27,38,75,47,56,68,32,32,44,75,39,57,69,48,40,40,75,34,58,70,39,26,38,75,79,55,68,31,28,39,75,44,56,69,37,25,37,75,22,55,68,27,26,38,75,73,55,69,30,30,41,75,18,55,69,28,25,38,75,23,55,68,28,25,37,75,15,55,69,27,25,38,74,100,55,68,29,25,37,75,19,55,69,27,25,37,75,11,55,68,28,14,15,35,13,20,35,13,30,41,75,12,56,68,20,25,37,75,34,55,68,27,34,32,75,18,58,69,23,28,40,75,21,55,69,35,29,43,75,52,57,69,47,26,38,75,9,55,69,20,35,47,76,58,58,69,58,25,37,75,21,55,68,26,26,38,75,46,56,69,31,22,23,63,17,39,64,17,25,37,75,38,55,68,27,28,40,75,20,57,69,27,25,37,75,55,68,26,20,21,74,8,51,69,10,28,34,75,6,57,69,11,26,37,75,12,56,69,33
2018-02-11,26,48,78,51,76,67,32,31,51,78,38,79,67,46,37,44,78,33,77,69,37,25,48,78,100,76,67,31,29,52,79,70,77,67,44,24,47,78,24,76,67,25,24,47,79,54,76,67,27,28,50,78,18,76,67,28,25,47,78,23,76,67,26,24,46,78,16,76,67,25,24,47,78,48,76,67,26,24,47,78,11,76,67,26,25,47,78,17,76,67,27,16,17,38,15,25,36,15,28,48,79,11,77,67,19,24,47,78,21,76,67,25,29,35,78,10,76,67,16,27,48,79,22,77,67,34,29,53,78,58,78,67,50,25,48,78,9,76,67,19,26,48,79,14,76,67,29,24,47,79,11,76,67,25,26,48,79,82,77,67,35,13,15,61,10,41,58,11,25,47,78,61,76,67,27,26,47,78,18,77,67,26,24,47,79,76,67,24,19,24,78,8,69,67,10,24,39,78,3,76,67,8,25,47,79,10,76,67,31
2018-02-18,19,37,73,46,100,68,34,24,41,73,36,100,68,47,39,43,74,42,100,70,47,18,36,73,81,100,68,32,21,38,73,41,100,68,37,17,36,73,12,100,68,28,18,36,73,61,100,68,30,22,38,73,18,100,68,30,17,36,73,24,100,68,30,17,36,73,27,100,68,30,17,36,73,24,100,68,28,17,36,73,12,100,68,28,18,37,73,30,100,67,32,12,13,34,11,24,34,11,22,38,73,11,100,68,19,17,36,73,20,100,67,28,23,27,72,10,100,68,16,21,38,73,21,100,68,36,23,42,72,52,100,68,48,19,36,73,11,100,68,22,18,36,73,6,100,68,25,17,36,73,11,100,68,27,18,37,73,52,100,68,33,14,16,57,12,53,61,13,18,36,73,57,100,68,29,20,38,72,17,100,68,27,17,36,73,100,68,28,18,21,72,9,90,69,12,18,30,73,2,100,68,8,18,36,73,9,100,68,33
2018-02-25,21,35,74,45,84,66,32,27,40,75,38,85,66,46,37,40,74,39,85,68,42,19,35,74,50,83,66,29,23,37,75,45,84,66,37,19,35,74,36,84,66,28,19,35,75,44,84,66,28,24,37,74,17,83,66,28,19,35,75,28,84,66,29,19,34,74,23,84,66,27,19,34,74,19,84,66,26,19,35,74,16,84,66,28,21,35,75,40,84,66,32,11,12,33,10,21,32,10,24,38,75,12,83,66,20,18,34,74,0,84,66,26,23,26,74,9,84,66,15,34,50,76,100,88,67,87,24,41,74,50,84,66,47,21,35,75,7,84,66,19,20,34,74,5,83,66,23,19,35,74,0,84,66,26,21,35,75,51,84,66,31,13,14,59,10,44,57,11,19,35,74,60,83,66,29,29,45,76,46,87,67,46,19,34,75,84,66,26,17,19,73,8,75,66,10,20,30,74,3,84,66,8,21,35,75,11,84,66,32
2018-03-04,31,40,77,52,65,68,33,33,43,76,33,67,68,43,41,41,76,36,67,70,39,28,39,77,34,65,68,24,31,41,77,40,65,68,34,28,39,77,41,65,68,26,28,39,77,48,65,68,27,33,43,77,22,65,69,31,28,39,77,25,65,68,27,28,38,77,24,65,68,26,27,38,77,9,65,68,25,27,38,77,9,65,68,25,28,39,77,29,65,68,29,17,17,38,15,24,37,16,32,42,77,12,66,68,19,27,38,77,27,65,68,25,31,28,76,8,65,68,14,40,50,78,80,69,70,71,32,45,76,54,67,68,49,29,39,77,10,65,68,19,27,38,76,4,65,68,21,27,38,77,11,65,68,24,29,39,77,63,65,68,32,14,14,59,11,36,59,11,28,39,77,59,65,68,27,32,43,77,28,67,68,32,27,38,77,65,68,25,21,20,75,7,59,68,9,29,33,77,4,65,68,9,29,38,77,12,65,68,32
2018-03-11,22,33,73,50,58,68,36,28,39,73,42,60,69,51,37,38,73,37,61,70,41,21,31,73,39,58,68,30,23,34,73,42,58,69,37,20,31,73,25,58,68,29,20,31,73,39,58,68,30,24,35,73,18,58,68,30,21,32,74,29,58,68,30,21,30,73,21,58,68,29,19,31,73,19,58,68,27,20,31,73,11,58,68,29,21,31,73,16,58,68,30,13,13,33,12,19,34,12,24,35,73,13,59,69,21,19,31,73,13,58,68,28,24,24,74,9,59,68,16,24,35,73,27,58,68,40,27,41,74,63,60,68,55,21,32,74,9,58,68,21,21,32,73,5,58,68,25,19,31,73,11,58,68,28,22,33,73,58,59,68,34,12,12,56,9,32,58,10,21,31,73,62,58,68,31,24,36,74,26,60,69,32,20,31,73,58,68,28,17,17,72,7,53,69,10,23,29,74,5,59,69,10,23,33,73,19,59,68,40
2018-03-18,21,34,73,47,61,71,32,24,37,72,33,62,71,43,45,45,73,52,68,73,55,19,33,72,39,60,71,29,22,35,73,45,61,71,36,18,33,73,25,61,71,26,19,33,73,55,60,71,29,23,35,73,16,60,71,27,18,33,73,14,60,71,27,18,32,73,16,60,71,26,18,33,73,14,60,71,25,18,33,73,15,60,71,27,18,33,73,17,60,70,28,15,16,36,15,23,38,15,23,35,73,12,61,71,19,18,33,73,0,60,71,25,23,25,72,10,61,71,16,23,36,73,30,61,71,41,23,39,73,53,62,71,48,19,33,73,9,60,71,20,19,33,73,7,60,71,24,18,33,73,32,60,71,26,19,34,73,49,61,71,31,11,12,56,9,33,61,10,19,33,73,80,60,71,29,22,35,73,21,62,71,29,18,33,73,60,71,26,16,18,72,8,55,72,10,20,29,73,4,61,71,9,32,45,74,94,65,72,89
2018-03-25,17,32,72,48,76,76,30,21,35,71,35,77,77,43,31,36,72,32,76,78,37,15,30,72,32,76,77,24,16,33,72,34,75,76,30,15,30,72,27,76,76,23,15,30,72,55,76,76,24,19,34,72,19,75,77,28,15,30,72,22,76,76,24,14,29,72,11,76,76,22,15,30,72,30,76,77,22,15,30,72,11,76,76,23,16,31,72,45,76,76,28,12,12,32,11,21,37,11,19,34,72,13,77,76,19,14,30,72,21,76,76,22,20,24,71,10,76,76,14,16,32,72,15,76,77,27,23,40,72,64,78,76,52,16,31,72,11,76,77,18,15,30,72,7,76,77,21,15,30,72,22,76,76,22,16,31,72,69,76,77,30,12,14,56,10,40,65,11,15,30,72,72,76,76,25,18,34,73,23,77,77,28,15,30,72,76,76,22,14,18,71,8,68,76,9,16,27,73,4,76,77,8,17,33,73,24,77,77,38
2018-04-01,16,30,74,47,63,70,31,21,36,74,38,65,71,46,27,33,73,30,65,72,34,14,29,74,29,63,71,25,15,31,74,28,63,70,31,14,29,74,32,63,70,27,14,29,75,54,63,70,27,18,33,75,18,63,70,28,14,29,75,23,63,70,27,14,28,74,19,63,70,26,14,29,75,24,63,70,25,14,29,75,14,63,70,26,16,32,75,100,64,70,40,35,36,51,35,41,52,35,19,34,75,15,65,70,22,14,29,75,55,63,70,26,17,23,74,8,64,70,14,15,31,75,18,64,70,32,19,36,75,50,66,70,45,15,30,75,12,63,71,21,14,29,74,4,63,71,21,14,29,75,0,63,70,25,15,30,75,50,64,70,30,19,21,61,17,43,65,18,14,29,75,64,63,70,28,17,33,75,20,64,71,27,14,29,75,63,70,25,14,18,74,8,59,71,10,14,25,75,3,64,70,8,15,29,75,9,63,70,30
2018-04-08,22,33,77,51,54,93,31,25,37,76,35,56,93,45,31,35,75,29,56,93,32,19,31,76,14,54,93,23,21,34,77,30,54,93,30,19,33,77,46,54,93,26,20,32,77,55,54,93,26,24,35,76,18,54,93,27,19,32,77,16,54,93,24,19,31,76,22,54,93,25,19,31,76,29,54,93,23,20,32,77,37,54,93,27,21,34,77,63,55,93,32,21,22,42,20,27,50,20,27,40,77,19,57,93,25,19,31,77,7,54,93,23,23,24,76,8,54,93,14,22,34,77,19,54,93,31,26,40,76,57,56,92,49,21,33,77,10,54,93,19,20,32,76,6,54,93,22,19,31,77,11,54,93,23,21,33,76,55,54,93,30,11,12,58,8,30,78,9,21,33,76,100,54,93,28,23,35,76,21,55,93,26,19,31,76,54,93,24,16,18,75,7,50,93,9,20,27,76,2,54,93,7,21,32,76,6,54,93,27
2018-04-15,18,38,76,45,53,100,31,22,42,75,33,55,100,43,27,36,74,27,55,100,31,16,37,75,25,53,100,27,18,39,76,34,53,100,33,16,37,75,37,53,100,27,16,37,76,33,53,100,26,21,41,76,18,53,100,28,16,37,76,16,53,100,26,16,36,76,16,53,100,26,16,37,75,24,53,100,25,16,37,76,13,53,100,26,17,38,76,37,53,100,30,14,15,36,13,19,47,13,22,42,76,15,55,100,22,16,37,76,27,53,100,25,21,28,75,9,54,100,15,18,38,76,17,53,100,31,23,45,76,60,56,100,51,17,37,76,9,53,100,19,16,37,76,5,53,100,23,16,37,76,0,53,100,25,17,38,75,54,54,100,31,11,13,58,9,30,84,10,16,37,75,53,53,100,27,23,44,75,35,56,100,38,16,37,76,53,100,25,14,20,74,7,49,100,9,18,33,75,4,54,100,9,16,36,76,4,53,100,27
2018-04-22,20,37,79,49,62,79,36,23,40,78,31,63,79,44,31,37,77,30,63,80,36,18,35,78,36,62,80,30,21,37,79,36,62,80,37,18,35,78,21,62,79,30,18,36,78,28,62,80,30,23,39,78,20,62,80,32,18,35,78,17,62,79,30,18,35,78,20,62,79,31,18,36,79,33,62,79,30,18,35,78,7,62,79,30,18,36,79,37,62,79,35,14,15,37,13,22,39,13,24,40,79,14,64,79,23,18,35,79,34,62,79,30,23,27,78,9,63,79,17,20,37,79,14,62,79,33,24,41,78,50,63,79,48,19,36,79,10,62,80,23,18,36,79,7,62,79,27,18,35,78,11,62,79,29,19,36,78,45,62,80,34,12,14,61,10,35,69,11,18,36,78,55,62,80,31,42,60,81,100,72,82,90,18,35,78,62,80,30,15,18,77,6,56,80,8,19,30,78,3,62,80,9,18,35,79,5,62,80,32
2018-04-29,19,33,74,52,55,76,32,21,35,74,29,56,76,39,28,33,73,28,55,77,32,17,32,74,34,54,76,25,18,33,74,27,54,76,29,18,33,74,100,55,77,31,17,31,74,42,54,77,25,23,36,74,23,55,77,32,17,32,74,10,54,76,24,17,31,74,19,54,76,25,17,31,74,5,54,76,24,17,31,74,23,54,76,25,17,32,74,17,54,76,26,13,14,35,13,20,39,13,23,37,75,17,56,76,23,17,31,74,27,54,76,24,22,24,73,10,55,76,15,19,33,74,18,55,76,31,22,38,74,49,56,76,45,18,32,74,9,55,77,18,17,31,74,5,54,77,22,17,32,74,11,54,76,24,18,32,74,52,55,77,30,10,12,56,8,29,65,9,17,32,74,83,55,77,27,31,46,75,61,59,77,58,17,31,74,54,77,23,14,17,72,7,49,76,9,17,27,74,3,55,77,7,17,31,74,5,54,77,26
2018-05-06,17,32,72,42,53,72,33,21,35,72,29,55,72,43,30,35,71,29,55,72,35,16,30,72,29,53,72,30,17,33,72,24,53,72,32,16,31,72,60,53,72,32,16,30,72,33,53,72,29,20,34,72,16,53,72,27,15,30,72,8,53,72,29,16,31,72,22,53,72,30,15,30,72,48,53,72,30,16,31,73,40,53,72,31,16,30,73,22,53,72,32,15,15,34,14,21,38,14,23,37,73,18,55,73,26,15,30,72,27,53,72,28,20,24,72,9,54,72,16,17,33,72,18,54,72,35,21,38,72,50,56,72,47,17,33,72,13,53,72,23,16,30,72,5,53,72,26,15,30,72,0,53,72,28,16,33,72,58,54,72,35,10,11,55,7,29,60,8,16,31,72,55,53,72,31,34,50,74,78,61,74,70,15,30,72,53,72,28,13,16,71,6,49,72,9,67,72,79,64,75,78,67,16,31,72,6,53,72,32
2018-05-13,16,29,74,50,58,66,37,19,32,74,27,59,66,41,26,31,72,27,58,67,32,15,28,74,25,57,66,31,16,29,74,28,57,66,34,15,28,74,37,58,66,31,15,28,74,40,57,66,32,18,32,74,17,58,66,29,15,28,74,11,57,66,30,15,27,74,19,57,66,31,15,28,74,24,57,66,30,15,28,74,18,58,66,31,15,28,74,23,57,66,33,11,12,34,10,19,32,11,28,42,75,32,62,67,39,14,28,74,20,57,66,30,22,24,74,13,60,67,20,16,28,74,11,57,66,32,19,34,73,46,59,66,46,16,29,74,11,57,66,23,15,28,74,4,57,66,26,14,28,74,11,57,66,30,16,29,74,54,58,67,36,9,11,57,7,31,56,8,15,28,74,58,57,66,32,24,38,75,45,61,67,46,15,28,74,57,66,29,13,15,72,6,52,67,9,26,36,75,16,62,67,22,15,27,74,4,58,66,32
2018-05-20,17,39,77,40,56,71,32,22,43,76,29,57,71,42,30,39,75,29,58,72,33,17,39,77,35,56,72,28,18,40,77,28,56,71,32,17,39,77,29,56,72,28,17,38,77,25,56,71,28,21,41,77,17,57,71,29,17,39,77,13,56,71,28,17,38,77,15,56,71,28,16,38,77,10,56,72,27,16,38,77,11,56,71,28,17,39,77,18,56,71,30,20,21,41,19,26,40,19,61,82,83,100,73,76,100,16,38,77,28,56,71,28,22,29,76,10,57,71,17,17,39,77,13,56,71,31,21,44,76,45,57,72,44,18,40,77,16,57,72,24,17,38,77,4,56,72,24,16,38,77,0,56,71,27,18,39,77,53,57,72,34,100,100,100,100,100,100,100,17,39,77,82,56,72,31,26,48,78,44,60,72,44,16,38,77,56,71,27,17,22,77,9,53,72,11,22,37,77,7,58,72,13,17,38,77,6,56,71,30
2018-05-27,17,30,72,38,49,72,30,22,34,72,34,51,72,44,27,31,71,27,51,72,30,15,28,72,18,49,72,25,17,29,72,23,49,72,28,16,29,72,46,50,72,27,16,29,72,45,49,72,26,20,32,72,16,50,72,26,16,29,72,16,49,72,26,16,28,72,15,49,72,25,15,28,72,29,49,72,25,16,29,72,8,50,72,25,16,29,72,23,50,71,28,30,31,47,30,34,50,30,24,37,73,21,53,72,27,15,28,72,7,49,72,24,22,24,71,12,51,72,17,16,29,72,10,49,72,26,21,35,72,49,51,72,45,16,29,72,11,50,72,20,16,28,72,4,49,72,21,15,28,72,11,49,72,24,17,29,72,55,50,72,31,40,41,68,38,51,73,39,16,29,72,79,49,72,28,26,40,74,51,54,73,49,15,28,72,49,72,24,14,16,71,7,45,72,10,21,29,73,7,51,72,12,16,28,72,5,50,72,27
2018-06-03,19,28,69,51,50,68,31,24,32,69,32,51,68,42,27,29,69,23,51,69,28,18,27,69,40,49,68,26,18,28,69,22,49,68,28,18,27,69,45,50,68,27,18,27,69,53,49,68,26,22,31,69,18,50,69,28,18,27,69,27,49,68,26,18,27,69,16,49,68,25,17,27,69,38,49,68,25,17,27,69,9,49,68,24,18,27,69,17,49,68,26,20,20,39,19,25,40,19,23,32,69,13,50,68,19,17,27,69,34,49,68,25,24,23,69,12,50,68,17,18,27,69,9,49,68,25,22,33,69,47,51,68,42,19,28,70,11,49,68,20,18,27,69,5,49,68,22,17,27,69,22,49,68,24,19,29,70,74,50,68,33,13,13,54,11,30,59,11,18,27,69,68,49,68,27,25,34,70,35,52,69,37,17,27,69,49,68,25,16,16,68,8,46,68,10,30,34,71,16,54,69,19,18,27,70,4,49,68,26
2018-06-10,16,26,72,40,52,70,26,19,29,72,26,53,70,34,25,28,71,25,53,70,28,15,25,72,21,52,70,20,16,25,72,21,52,70,24,15,25,72,51,52,70,23,15,25,72,39,52,70,22,18,28,72,17,52,71,25,15,25,72,7,52,70,20,15,24,72,27,52,70,22,15,24,72,14,52,70,20,15,25,72,22,52,70,21,15,25,72,11,52,70,21,45,46,59,45,49,59,45,20,29,73,13,54,70,19,15,25,72,100,52,70,22,19,19,71,9,53,70,13,15,25,72,8,52,70,21,20,32,72,48,54,70,42,15,25,72,10,52,70,16,15,25,72,4,52,70,18,15,25,72,21,52,70,20,15,25,72,41,53,70,25,10,11,54,8,29,59,8,15,25,72,62,52,70,23,21,32,72,33,55,70,34,14,24,72,52,70,20,13,14,71,6,48,70,8,40,45,76,30,62,74,34,15,24,72,5,53,70,23
2018-06-17,13,25,67,47,52,75,28,16,27,67,30,54,76,37,23,27,66,24,53,76,28,11,23,67,23,52,76,22,12,24,67,22,52,75,25,11,23,67,23,52,76,22,11,23,67,27,52,75,21,20,31,68,32,55,77,37,11,23,67,11,52,75,21,11,22,67,15,52,76,21,11,23,67,19,52,75,21,12,23,67,36,52,76,24,11,23,67,7,52,75,21,51,52,63,51,54,65,51,14,25,68,9,52,75,15,11,23,67,14,52,75,20,15,18,67,9,53,76,14,12,23,67,8,51,76,22,18,32,68,57,54,76,48,12,24,67,8,52,75,16,11,23,67,3,52,76,18,11,23,67,0,52,76,21,12,24,67,51,52,76,27,9,11,51,8,28,64,8,11,23,68,60,52,76,24,18,31,68,35,55,76,36,11,23,68,52,76,21,12,14,66,7,48,76,9,27,35,69,20,59,78,24,11,22,68,4,52,76,23
2018-06-24,13,25,67,43,50,73,36,17,29,67,33,52,73,45,22,26,66,22,51,73,28,11,23,67,27,50,73,32,12,24,66,22,50,73,32,11,23,67,35,50,73,32,11,23,67,46,50,73,32,15,27,67,17,51,73,30,11,23,67,16,49,72,31,11,23,67,17,50,73,31,11,23,67,14,50,73,31,11,23,67,36,50,73,33,11,23,67,14,50,72,32,47,48,61,47,52,63,47,14,26,67,10,51,73,19,11,23,67,40,50,73,31,17,20,67,12,52,73,19,11,23,67,7,49,73,29,20,34,67,69,54,73,63,11,23,67,6,50,73,21,11,23,67,6,50,73,27,11,23,67,0,50,73,30,12,24,67,44,50,73,35,8,9,51,7,26,61,7,11,23,67,62,50,73,33,18,31,67,36,53,73,40,11,23,67,50,73,30,11,14,66,6,46,73,9,31,39,70,26,58,75,30,11,23,67,6,50,73,33
2018-07-01,15,22,63,37,47,74,28,21,28,63,38,50,75,46,24,25,62,23,49,74,28,14,20,63,23,47,74,24,15,22,63,16,47,74,25,14,20,63,12,47,74,23,14,20,63,37,47,74,25,22,28,64,28,49,75,35,14,20,63,11,47,74,24,14,20,63,12,47,74,24,14,20,63,5,47,74,23,14,21,63,37,47,74,27,14,20,63,17,47,74,26,98,98,99,99,96,100,98,16,23,63,8,48,74,15,14,20,63,27,47,74,24,22,20,63,15,50,74,20,14,20,63,5,47,74,22,21,31,63,59,50,75,50,15,22,63,9,47,74,18,14,20,63,3,47,74,21,14,20,63,0,47,74,24,15,22,63,47,47,74,29,9,10,48,7,27,62,8,14,21,63,42,47,74,26,21,28,63,36,50,74,37,14,20,63,47,74,24,12,12,62,6,43,74,8,33,36,65,23,55,76,26,14,20,63,5,47,74,27
2018-07-08,18,25,65,34,51,70,44,22,29,65,32,52,69,52,27,27,64,25,52,70,32,17,24,65,34,51,70,44,18,25,65,21,50,70,44,17,24,65,33,51,70,44,17,24,65,39,51,70,45,21,27,65,17,51,70,36,17,24,65,12,50,70,43,17,24,65,8,51,70,43,17,24,65,28,51,70,44,17,25,65,37,51,70,47,17,24,65,15,51,69,45,100,100,100,100,100,99,100,27,35,66,25,54,70,39,16,24,65,7,51,69,43,23,20,65,11,52,70,21,17,24,65,7,51,69,40,22,31,65,49,53,70,55,18,25,65,10,51,70,30,17,24,65,5,51,70,37,17,24,65,0,51,70,43,17,25,65,39,51,70,47,10,10,49,7,28,59,9,17,24,65,52,51,70,45,24,31,65,33,54,71,46,17,24,65,50,70,44,14,14,64,6,46,70,10,27,30,66,13,55,72,21,17,24,65,5,51,70,45
2018-07-15,14,24,65,55,52,73,33,17,26,65,31,53,73,42,27,30,64,31,54,74,36,12,21,64,20,52,74,26,13,23,64,21,52,74,27,12,21,64,27,52,73,26,12,21,64,41,52,74,26,15,25,64,15,52,74,26,12,21,64,14,52,73,26,12,21,64,22,52,74,26,12,21,64,10,52,74,25,13,23,65,99,53,74,35,12,21,64,13,52,73,27,38,39,52,38,43,54,38,23,33,66,26,56,74,31,12,21,64,35,52,73,25,17,18,64,10,53,74,16,12,21,64,6,52,73,24,19,30,65,55,54,73,49,13,22,64,9,52,74,19,12,21,64,4,52,74,22,12,21,64,0,52,74,25,13,23,64,42,52,74,29,9,10,49,7,28,62,8,12,21,65,49,52,74,27,18,28,65,33,54,74,36,12,21,65,52,74,25,11,13,63,6,48,74,8,63,66,71,64,72,80,65,12,21,65,5,52,74,27
2018-07-22,15,25,71,51,52,79,30,18,30,71,33,54,78,40,28,31,70,32,56,80,35,13,24,70,20,52,79,21,14,24,70,15,52,79,23,13,24,70,46,53,79,24,13,24,70,30,52,79,23,17,27,71,17,53,79,26,13,24,70,15,52,79,23,13,24,70,11,52,79,22,13,24,70,20,52,79,22,13,25,71,56,53,79,27,13,24,70,4,52,78,22,22,22,40,21,27,45,22,18,29,71,14,54,79,20,13,24,70,21,52,79,22,17,19,70,9,54,79,14,13,24,70,6,52,79,21,20,33,71,56,55,79,47,14,25,71,10,53,79,18,13,24,70,5,53,79,20,13,24,70,11,52,79,21,14,25,70,56,53,79,28,10,11,54,8,29,66,9,13,24,70,65,53,79,24,21,32,70,36,55,80,37,13,24,71,52,79,21,13,15,69,7,49,79,9,96,100,82,100,89,90,100,13,24,70,5,53,79,25
2018-07-29,14,31,68,45,55,73,33,19,36,68,36,58,73,47,29,35,68,33,59,74,38,12,30,68,32,55,73,28,13,30,68,18,55,73,28,12,30,68,27,55,72,28,12,30,68,31,55,72,28,16,33,68,16,55,72,27,12,30,68,20,55,73,28,12,30,68,15,55,73,27,12,30,68,19,55,73,27,12,31,68,32,55,73,30,12,30,68,13,55,72,28,19,20,37,19,25,40,19,17,35,68,14,57,73,22,12,30,68,27,55,72,27,22,27,67,18,58,73,23,12,30,68,6,55,73,25,19,39,68,59,58,73,52,13,31,68,11,55,73,21,13,30,68,7,55,73,25,12,30,68,11,55,73,26,13,31,68,56,56,73,33,9,11,52,7,30,62,8,12,30,68,78,55,73,30,17,35,69,28,57,73,34,12,30,68,55,73,26,12,17,67,7,51,73,10,58,66,74,57,74,78,60,12,29,68,4,56,73,28
2018-08-05,13,27,68,46,52,71,34,18,32,67,38,53,71,48,63,63,74,95,71,78,95,11,25,67,21,51,71,28,12,26,68,22,51,71,29,11,26,68,35,51,72,29,11,25,68,37,51,71,29,16,28,67,18,52,72,30,12,26,68,27,51,71,29,11,25,68,13,51,71,27,11,25,67,14,51,72,27,11,26,67,26,51,71,30,11,25,68,9,51,71,28,15,16,34,15,22,38,15,15,29,68,12,53,72,20,11,25,67,13,51,71,28,21,23,67,16,54,72,23,12,25,67,8,51,71,27,18,33,67,53,54,71,49,12,26,68,11,52,72,22,12,26,67,10,51,72,28,11,25,68,11,51,71,27,12,26,67,50,51,72,33,9,10,51,7,28,60,8,11,26,68,65,51,71,30,15,29,68,22,53,71,29,11,25,68,51,71,27,13,16,67,8,48,72,11,30,39,70,23,59,74,27,12,25,67,5,51,71,29
2018-08-12,11,26,70,48,50,67,28,20,34,70,52,53,68,54,26,33,69,34,53,70,37,9,25,70,25,49,68,21,10,26,70,21,50,67,24,9,25,70,17,50,67,21,9,25,70,48,50,68,22,13,28,70,18,50,68,25,9,25,70,19,49,67,21,9,25,70,23,50,68,22,9,25,70,24,50,68,21,9,25,70,29,50,67,23,9,25,70,10,50,67,21,19,20,38,19,25,39,19,13,28,70,12,51,68,18,8,25,70,7,50,67,20,16,22,70,13,51,68,17,10,25,70,8,50,67,21,15,32,70,50,51,68,43,10,25,70,10,50,68,17,9,25,70,5,50,68,19,9,25,70,11,50,67,20,10,26,70,52,50,68,27,10,11,53,9,29,58,9,9,25,69,58,49,68,22,13,29,70,24,52,68,28,8,25,70,50,68,20,11,15,69,8,47,68,10,23,34,71,17,56,70,20,9,24,70,5,50,68,22
2018-08-19,26,26,71,57,47,69,39,32,32,70,42,49,69,54,37,31,69,32,50,70,38,24,24,70,36,46,69,32,25,25,70,21,46,69,34,24,24,69,39,46,69,34,24,24,70,40,46,69,33,28,27,70,18,47,69,31,24,24,70,11,45,69,32,24,24,70,15,45,69,31,24,24,70,24,46,69,31,25,26,71,100,46,69,41,24,24,70,7,45,69,32,18,18,37,17,24,39,18,28,27,70,11,48,69,21,24,24,70,55,46,69,32,31,22,70,14,48,69,21,25,25,70,12,46,69,33,27,30,70,43,47,69,45,25,24,70,10,46,69,24,24,24,70,7,46,69,29,24,24,70,22,46,69,31,25,25,70,48,46,69,37,12,12,54,9,28,59,10,24,24,70,69,46,69,35,29,30,71,31,48,70,39,24,24,70,46,69,31,18,14,69,7,42,69,10,36,32,72,17,52,70,23,24,24,70,6,46,69,34
2018-08-26,15,27,74,41,46,64,33,20,32,74,35,48,65,47,29,33,73,31,50,66,36,13,26,74,20,45,65,28,15,28,74,25,46,64,32,14,27,74,44,46,64,30,13,27,74,31,46,64,29,20,32,75,22,47,65,32,14,27,74,21,45,64,29,13,26,74,17,46,65,28,13,26,74,5,45,64,27,14,27,74,46,46,65,32,13,26,74,11,46,64,29,16,16,37,15,21,35,15,18,30,74,11,47,65,20,13,26,74,13,45,64,28,21,23,74,13,48,65,19,15,28,74,14,46,65,32,19,33,74,49,48,64,45,14,27,74,10,46,64,22,14,27,74,5,45,65,25,13,26,74,0,45,64,27,15,28,74,67,47,65,36,11,12,57,9,28,56,10,14,27,74,57,46,64,30,19,32,74,28,48,65,35,13,26,74,45,64,28,13,15,73,7,43,65,9,25,34,75,15,51,66,19,14,26,74,7,46,65,31
2018-09-02,14,27,71,41,46,66,27,19,32,71,37,48,67,44,31,36,70,38,51,69,40,12,26,70,39,46,67,23,14,27,71,30,45,67,28,12,26,70,31,46,66,23,12,26,71,30,45,67,22,16,30,70,17,47,67,26,12,26,71,13,45,66,22,12,26,71,24,46,67,22,12,26,70,14,45,67,21,12,26,70,26,46,67,23,12,26,71,10,46,66,22,14,15,35,14,19,35,14,15,28,71,10,47,66,17,12,26,71,20,45,66,21,20,23,70,14,48,67,18,14,27,71,15,46,67,27,18,33,70,50,48,66,42,13,26,71,9,46,66,17,13,26,71,8,46,66,22,12,26,71,0,45,67,21,13,27,71,57,46,67,27,9,11,53,7,26,57,8,12,26,71,67,45,67,24,18,33,71,30,49,67,32,12,26,71,45,67,21,12,15,69,7,43,67,9,20,29,72,11,49,67,14,12,25,71,6,46,67,24
2018-09-09,14,27,72,37,49,69,29,20,33,71,39,51,69,48,24,29,70,26,51,69,30,12,27,72,30,49,69,25,14,28,72,25,49,69,28,13,27,72,32,49,68,25,12,27,72,39,49,69,25,17,31,72,18,49,68,28,13,27,72,36,49,68,27,13,27,72,34,49,69,26,12,26,71,23,49,69,24,12,27,72,18,49,69,26,13,27,72,14,49,68,26,12,12,34,11,18,34,12,16,30,72,10,50,68,17,12,26,72,7,49,68,24,25,28,72,23,54,69,28,15,29,72,21,49,68,33,17,32,72,45,51,69,42,13,27,72,11,49,69,20,13,27,72,8,49,69,24,12,26,71,10,49,68,24,13,27,71,48,49,69,29,10,11,54,8,28,58,9,13,27,71,47,49,69,25,16,31,72,23,51,69,29,12,26,72,49,69,24,11,15,70,6,45,69,8,20,30,73,11,53,70,15,13,26,72,5,49,69,26
2018-09-16,18,34,81,40,65,77,26,24,40,81,40,67,78,46,31,36,80,29,65,78,34,16,33,80,16,64,77,20,20,35,81,38,65,77,30,17,33,81,29,65,77,22,17,33,81,47,65,78,23,21,36,81,17,65,77,26,17,33,81,10,64,77,21,17,33,81,18,65,77,22,16,33,81,19,65,77,21,17,33,80,13,65,77,22,17,33,81,13,65,77,23,26,27,47,25,33,48,25,21,36,81,10,65,77,17,17,33,81,40,65,77,21,23,26,80,11,66,77,16,20,35,82,22,65,77,30,21,39,81,46,65,77,41,18,34,81,9,64,77,17,18,34,81,10,65,78,23,16,33,82,0,65,77,21,18,34,82,52,65,78,27,9,10,60,6,32,64,7,17,33,81,61,65,78,23,22,38,82,28,67,77,31,16,33,81,65,78,21,14,18,80,7,58,77,8,25,36,83,12,69,78,15,17,32,82,3,65,77,22
2018-09-23,25,38,96,45,95,82,32,31,43,96,39,96,82,50,37,39,94,32,91,84,37,24,37,96,26,94,83,27,25,38,96,29,94,83,32,24,38,96,34,95,83,29,24,37,96,36,94,82,28,27,40,95,17,94,83,29,24,37,96,11,94,82,27,24,37,96,22,94,83,28,24,37,96,14,95,83,27,24,37,96,18,95,83,29,24,37,96,6,95,82,27,17,18,45,16,29,42,16,27,41,96,11,94,82,19,24,37,96,13,95,82,27,28,28,95,9,94,82,16,26,39,96,20,95,82,35,26,42,95,43,94,82,42,24,38,96,9,95,83,20,25,38,96,9,94,83,27,24,37,96,21,95,83,27,25,38,96,59,95,83,34,10,11,72,7,45,69,7,24,38,96,68,95,83,30,28,41,96,25,95,83,31,24,37,96,95,83,27,18,19,93,6,83,82,8,26,35,96,6,95,83,12,24,37,96,5,95,83,30
2018-09-30,26,37,86,38,78,86,34,32,43,86,41,80,86,51,40,40,85,36,79,88,40,25,36,86,19,78,87,30,27,38,86,33,78,87,36,25,37,86,23,79,87,30,25,37,86,45,79,86,31,30,40,86,18,78,87,32,25,37,86,15,78,86,31,25,36,86,7,79,87,29,25,36,86,5,79,87,29,25,37,86,13,79,86,30,25,37,86,11,78,86,31,27,27,50,26,35,51,26,30,41,87,14,80,86,22,25,37,86,7,79,86,29,29,28,85,9,79,86,16,27,38,86,20,79,86,36,27,41,86,41,78,86,43,26,37,86,7,79,87,21,26,37,86,8,79,87,29,25,37,86,0,79,87,29,26,38,86,52,79,87,35,10,11,63,7,38,72,7,25,37,86,54,79,87,32,29,40,86,24,80,87,31,25,37,86,79,87,29,18,19,84,6,69,87,9,33,39,87,12,81,87,17,25,36,86,4,79,87,31
2018-10-07,100,42,83,32,66,77,35,100,45,83,34,67,77,49,100,43,83,35,68,78,41,100,41,83,29,65,77,34,100,44,83,34,66,77,39,100,42,83,43,66,77,35,100,41,83,33,66,77,34,100,44,83,17,65,77,32,100,42,83,13,66,77,34,100,41,83,18,66,77,34,100,42,83,14,66,77,32,100,41,83,20,66,77,35,100,41,83,12,66,77,34,29,25,47,24,32,46,24,100,44,83,10,66,77,20,100,41,83,27,66,77,33,99,30,82,8,66,77,16,100,44,83,15,66,77,36,89,46,83,46,67,77,47,100,42,83,9,66,77,24,100,43,83,11,66,77,33,100,42,83,21,66,77,33,100,42,83,41,66,77,37,25,12,62,7,34,64,8,100,42,83,63,66,77,35,100,45,83,25,68,78,35,100,41,83,66,77,32,58,21,81,6,59,77,9,100,41,84,10,68,78,16,100,40,83,3,66,77,34
2018-10-14,100,36,78,40,58,72,39,100,41,79,40,60,73,55,90,36,77,29,59,73,34,99,35,78,18,58,73,34,99,37,79,36,58,73,41,100,35,78,30,58,73,35,100,35,78,42,58,73,36,98,37,78,16,58,73,31,100,35,78,18,58,73,35,100,34,78,16,58,73,35,100,35,78,5,58,73,34,99,35,78,15,58,72,35,100,35,78,13,58,72,36,19,15,38,14,21,37,14,99,37,78,10,59,73,21,99,35,78,27,58,72,35,100,28,78,12,59,72,19,99,36,78,14,58,73,37,100,52,80,100,63,74,83,99,35,78,8,58,73,25,99,35,78,7,58,73,32,99,35,78,22,58,73,34,99,36,78,43,58,73,38,26,12,59,7,30,62,8,100,35,78,56,58,73,37,95,37,78,21,59,73,33,99,35,78,58,73,34,57,19,77,6,53,73,10,99,36,80,10,61,74,17,100,34,78,4,58,73,36
2018-10-21,64,37,79,40,53,71,37,64,42,80,38,55,71,52,59,36,78,28,54,71,34,63,36,79,20,53,71,34,63,38,80,31,53,71,38,63,36,79,30,53,71,34,63,36,79,30,53,71,33,63,37,79,15,53,72,29,63,36,79,10,53,71,33,63,36,79,19,53,71,33,63,36,79,14,53,71,33,63,36,79,24,53,71,34,63,36,79,8,53,71,33,19,17,40,16,23,38,16,64,38,79,9,53,71,19,63,36,79,26,53,71,33,63,27,79,8,54,71,16,64,37,80,14,53,71,36,58,42,79,54,55,71,53,64,37,80,12,53,71,25,63,37,79,8,53,71,31,63,36,79,0,53,71,32,64,37,80,45,53,72,37,15,11,59,6,29,59,7,63,36,79,37,53,71,34,62,39,79,20,54,71,32,63,36,80,53,71,33,37,19,78,6,48,71,9,66,39,81,13,57,72,19,64,36,79,6,53,71,36
2018-10-28,34,34,74,51,53,66,33,40,41,74,45,55,67,52,40,34,72,27,54,68,30,33,32,73,21,51,67,27,34,34,74,29,52,67,31,33,32,73,30,52,66,27,33,33,73,63,52,66,28,36,36,74,19,53,66,29,32,33,73,7,51,67,25,32,32,73,8,52,67,25,32,32,73,28,52,67,25,32,32,73,17,52,67,27,33,32,74,14,52,66,27,16,16,36,15,21,36,15,34,34,74,8,52,66,16,32,31,73,26,52,66,26,35,24,73,9,53,67,15,34,34,73,18,52,66,32,35,40,73,53,54,67,47,33,33,73,10,52,67,20,33,32,73,7,52,66,24,32,31,73,0,52,66,25,34,34,73,62,52,67,33,12,11,55,8,28,56,8,33,33,73,55,52,67,27,34,35,73,20,53,67,27,32,31,73,52,67,26,21,17,71,6,47,66,8,38,33,74,9,55,67,14,33,32,73,6,52,67,28
2018-11-04,28,30,75,41,55,62,33,32,34,76,32,56,61,45,36,31,75,26,55,63,31,27,28,76,26,54,62,30,28,31,76,30,55,62,34,27,28,76,22,55,61,30,27,30,76,49,54,62,31,31,33,75,18,55,62,32,27,28,76,12,54,62,30,27,28,76,17,54,62,30,27,28,76,14,54,62,29,27,30,76,27,55,62,32,27,28,76,11,54,61,30,13,13,35,12,19,32,12,30,31,76,7,55,61,17,27,28,76,38,54,61,30,33,24,75,11,55,62,18,29,31,76,19,55,62,35,34,40,76,66,57,63,60,27,30,76,8,54,62,22,28,30,76,9,54,62,28,27,28,76,10,54,62,29,27,29,76,39,55,62,33,11,10,56,7,28,52,8,27,28,76,48,54,62,31,30,33,76,22,56,62,31,27,28,76,54,62,29,19,15,74,6,49,62,8,37,35,77,15,59,63,21,27,29,76,4,55,62,31
2018-11-11,24,30,78,38,57,66,27,29,35,78,36,58,67,43,32,32,76,27,57,67,30,22,29,78,25,56,67,23,24,31,78,35,56,67,30,22,29,78,37,56,67,23,22,29,78,53,56,67,24,27,33,78,17,57,67,25,22,29,78,12,56,66,22,22,28,78,15,56,67,22,22,29,78,28,56,67,22,22,29,78,12,56,66,22,22,29,78,9,56,66,22,14,14,36,13,20,35,13,24,31,78,9,57,66,15,22,29,78,13,56,66,21,32,27,78,18,59,67,22,23,30,78,13,56,66,25,27,36,78,54,58,66,46,23,29,78,10,56,67,17,23,30,78,10,56,67,23,22,29,78,0,56,67,21,23,30,78,45,57,67,26,11,11,59,7,30,56,8,22,29,78,62,56,67,24,25,33,78,22,58,67,26,22,29,78,56,67,21,18,16,77,7,51,67,9,28,30,79,9,59,68,13,22,28,78,5,57,67,24
2018-11-18,18,25,71,46,51,61,27,23,29,71,33,52,62,39,30,29,70,29,53,62,31,16,24,71,21,50,62,20,17,24,71,25,50,62,24,16,24,71,25,50,61,19,16,24,71,35,50,61,20,20,26,71,14,50,62,22,16,24,71,11,50,61,19,16,24,71,26,50,61,21,16,23,71,9,50,61,18,16,24,71,12,50,61,20,16,24,71,10,50,61,20,11,11,32,10,17,31,10,20,26,71,8,51,62,14,16,24,71,0,50,61,19,25,23,71,16,53,62,19,17,25,71,10,50,61,22,21,31,71,47,52,61,41,17,24,71,7,50,61,14,18,25,71,11,51,61,22,16,24,71,0,50,61,19,17,24,71,37,50,61,23,10,11,54,8,28,52,8,16,24,71,37,50,61,20,21,27,71,22,52,62,26,16,24,71,50,61,19,16,15,70,8,47,62,9,22,26,71,9,52,62,12,17,23,71,7,51,61,23
2018-11-25,19,31,74,42,56,60,30,23,34,73,32,57,61,41,27,30,72,25,56,61,28,17,29,74,31,55,61,25,19,31,74,26,55,61,28,18,29,74,37,56,60,25,18,28,74,36,56,60,24,21,33,74,17,55,61,26,17,29,74,15,55,60,24,17,28,74,11,56,61,23,17,28,74,14,56,60,23,17,28,74,12,56,60,24,17,28,74,6,55,60,24,12,13,34,11,19,31,12,23,35,75,16,57,60,22,17,28,74,45,56,60,24,22,23,73,11,57,61,16,18,31,74,13,56,60,27,22,35,73,47,56,60,42,18,29,74,10,56,61,19,18,30,74,9,56,61,24,17,28,74,0,56,60,23,19,30,74,70,56,61,32,10,11,56,7,29,52,8,18,29,74,63,56,61,26,21,33,74,21,57,60,27,17,28,74,56,61,23,14,15,72,6,50,60,8,22,29,74,7,57,61,11,18,28,74,5,56,61,26
2018-12-02,26,32,70,45,54,59,31,28,35,70,29,55,59,40,32,32,69,26,56,60,30,24,30,70,25,54,59,25,25,33,70,30,54,59,29,24,30,70,22,54,59,25,24,30,70,18,54,59,24,27,34,70,15,54,59,25,24,31,70,16,54,59,25,24,30,70,16,54,59,25,24,30,70,5,54,59,23,24,31,70,11,54,59,24,24,31,70,14,54,59,25,14,14,33,12,20,31,13,27,34,70,11,55,59,18,24,30,70,13,54,59,24,29,25,70,11,55,59,17,25,33,70,14,54,59,28,27,37,70,45,55,59,42,25,31,70,9,54,59,19,25,31,70,8,54,59,24,24,30,70,0,54,59,23,25,32,70,65,54,59,32,11,11,53,7,29,50,8,24,31,70,75,54,59,27,26,35,70,21,55,60,27,24,31,70,54,59,24,18,17,69,7,50,60,9,25,28,70,5,55,59,9,25,30,70,7,54,59,28
2018-12-09,21,31,73,50,55,63,31,24,36,73,35,57,63,42,29,32,72,27,56,64,30,18,30,72,25,55,63,25,20,31,73,27,55,63,28,18,30,73,30,55,63,25,18,30,73,29,55,63,24,22,33,72,15,55,63,24,18,30,73,16,55,63,24,18,30,73,30,55,63,25,18,30,73,14,55,63,23,18,30,73,11,55,63,23,18,30,73,9,55,63,24,11,12,33,11,18,32,11,22,33,73,11,55,63,17,18,30,73,20,55,63,23,24,25,72,11,57,63,17,20,31,73,15,55,63,28,22,36,73,46,56,63,42,19,31,73,9,55,64,18,19,31,73,8,55,63,23,18,30,73,22,55,63,23,19,31,73,48,55,64,29,10,11,55,7,29,54,8,18,30,73,53,55,63,25,22,34,73,22,57,64,28,18,30,73,55,63,23,15,16,72,6,50,63,8,22,29,73,7,56,64,11,19,30,73,9,56,63,28
2018-12-16,23,26,61,40,48,59,30,26,31,61,31,49,59,41,32,29,61,27,50,60,31,22,25,61,24,47,59,26,22,26,61,19,48,59,27,22,25,62,30,47,59,26,22,25,62,42,47,59,26,25,28,61,16,48,59,27,22,25,61,23,48,59,27,22,25,61,19,47,59,25,22,25,61,34,47,59,24,22,25,61,5,47,59,25,22,25,62,8,47,58,25,11,11,30,10,17,30,11,25,27,62,9,49,59,17,22,25,62,7,47,59,24,25,19,61,8,49,59,14,23,26,61,11,48,59,27,26,32,61,49,49,59,44,23,26,62,11,48,59,20,22,25,62,7,47,59,23,22,25,62,0,47,59,24,23,26,62,55,48,59,30,10,10,47,7,27,50,8,22,25,62,84,48,59,28,25,29,62,25,50,59,31,22,25,62,47,59,24,16,14,61,6,44,59,9,24,24,62,5,49,59,10,24,26,62,15,49,59,34
2018-12-23,15,17,59,41,42,61,27,20,23,59,37,44,61,42,29,27,58,34,47,63,36,14,16,58,24,41,61,22,15,17,59,16,41,61,22,14,16,58,24,41,61,21,14,16,58,27,41,61,22,17,19,59,15,42,61,23,14,16,59,15,41,61,21,14,16,59,15,41,61,21,14,16,59,21,41,61,21,14,16,58,12,42,61,21,14,16,58,9,41,61,21,13,13,30,13,19,32,13,20,21,59,15,44,61,20,14,16,58,7,41,61,20,18,14,58,9,43,61,13,14,16,58,4,41,61,19,20,25,59,53,45,61,44,15,17,59,9,42,61,17,16,17,59,12,42,61,24,14,16,58,0,41,61,20,15,17,59,51,42,61,26,11,11,45,10,27,53,10,14,16,58,64,42,61,23,18,21,59,25,43,61,28,14,16,58,41,61,21,16,13,58,10,41,62,12,25,25,60,15,47,62,19,14,16,58,7,42,61,25
2018-12-30,17,21,62,52,50,61,29,21,25,62,31,52,61,38,32,31,62,36,54,62,39,15,19,62,23,49,61,21,16,20,62,22,49,61,24,15,19,62,18,49,61,20,15,19,62,33,49,61,21,18,24,62,18,50,61,25,15,19,62,16,49,61,21,15,19,62,12,49,61,20,15,19,62,10,49,61,20,15,19,62,20,49,61,21,17,21,62,69,50,61,30,13,13,30,12,19,31,12,20,25,62,14,51,61,20,15,19,62,28,49,61,20,22,18,61,13,51,62,17,16,20,62,9,49,61,22,21,28,62,55,53,61,46,16,20,62,8,49,61,16,16,20,62,11,50,61,23,15,19,62,0,49,61,20,16,20,62,49,50,61,26,16,15,51,14,35,55,14,15,20,62,77,49,61,23,20,26,62,28,52,61,30,15,19,62,49,61,20,16,15,61,10,48,61,11,19,21,62,7,52,61,11,16,19,62,11,50,61,26
2019-01-06,17,26,69,41,58,58,29,21,30,69,30,59,58,39,30,31,69,30,59,60,34,16,26,70,39,57,58,25,17,27,70,32,58,58,30,16,25,69,28,58,58,23,16,25,70,46,58,58,24,20,28,69,16,58,58,26,16,26,70,18,57,58,24,16,25,70,23,58,58,24,15,25,69,9,58,58,22,15,25,69,19,58,58,24,17,27,70,58,58,58,31,12,12,32,11,19,30,11,30,40,71,32,62,59,38,15,25,70,20,58,58,22,23,22,69,13,59,58,18,17,27,69,14,58,58,27,21,33,69,52,59,58,45,16,26,69,10,58,58,18,17,27,70,13,58,59,26,15,25,70,0,58,58,22,17,27,70,57,58,59,29,12,13,54,11,34,51,11,16,26,69,69,58,58,25,20,29,70,24,59,58,28,15,25,70,58,58,22,15,16,69,9,54,58,10,21,26,71,8,59,59,12,16,25,70,6,58,58,26
2019-01-13,20,28,70,52,53,57,33,22,31,69,27,55,57,38,30,32,69,29,55,58,34,17,27,70,31,53,57,27,20,28,70,30,53,57,31,17,27,70,26,53,57,26,18,27,70,69,53,57,28,23,32,70,19,54,58,29,17,27,70,20,53,57,27,17,27,70,20,53,57,27,17,27,70,23,53,57,25,17,27,70,10,53,57,26,18,28,70,39,53,57,30,12,12,32,11,18,29,11,22,32,71,12,55,57,20,17,27,70,19,53,57,25,24,23,70,13,54,58,18,18,28,70,11,53,57,27,22,33,70,46,55,57,44,18,28,70,11,53,57,20,20,28,70,12,54,58,28,17,27,70,21,53,57,25,20,29,70,100,54,58,39,13,14,55,11,32,50,12,18,27,70,56,53,57,28,21,31,70,20,55,57,28,17,27,70,53,57,25,16,16,69,7,49,57,9,20,25,70,5,54,58,10,18,27,70,8,54,57,30
2019-01-20,15,25,73,44,56,67,46,19,30,73,33,58,67,53,25,29,72,27,57,68,36,13,24,73,26,56,67,45,14,25,73,29,56,67,46,13,24,73,32,56,67,44,13,24,73,33,56,67,44,17,27,73,18,56,67,37,13,24,73,8,56,67,43,13,24,73,17,56,67,43,13,24,73,14,56,67,43,13,24,73,13,56,67,43,13,24,73,28,56,67,46,14,14,35,13,21,35,14,16,26,73,9,57,67,24,13,24,73,25,56,67,44,22,23,73,15,58,67,25,15,25,73,14,56,66,44,19,31,73,50,57,67,54,14,24,73,9,56,67,31,14,24,73,9,56,67,39,13,24,73,10,56,67,43,14,25,73,62,56,67,49,10,11,56,8,31,58,9,13,24,73,59,56,67,45,16,27,73,21,57,67,37,13,24,73,56,67,43,12,14,72,7,51,67,11,16,22,73,5,57,67,14,13,24,73,6,56,67,46
2019-01-27,14,25,71,41,57,59,28,24,37,72,59,60,60,62,27,30,71,31,58,60,35,12,24,71,24,56,59,24,14,26,71,28,56,59,28,12,24,71,22,56,59,23,12,24,71,44,57,59,25,16,28,71,18,57,59,27,12,24,71,13,56,59,23,12,24,71,17,56,59,23,12,24,71,23,56,59,23,12,24,71,12,56,59,23,13,25,71,33,57,59,27,11,11,32,10,18,30,11,15,27,71,10,57,59,17,12,24,71,32,57,59,23,24,25,72,19,60,60,23,13,25,71,11,56,59,26,20,33,71,59,59,59,49,13,25,71,9,56,59,18,13,25,71,9,56,59,23,12,24,71,10,56,59,23,13,25,71,39,57,59,27,9,11,54,8,31,50,8,13,24,71,58,56,59,25,16,27,71,22,58,59,28,12,24,71,56,59,23,12,15,70,7,51,59,9,14,22,71,4,57,59,8,13,24,71,4,57,59,25
2019-02-03,13,27,71,44,57,56,32,19,33,71,40,59,56,49,31,36,71,39,61,59,44,11,26,71,36,57,56,28,12,27,72,30,57,56,31,11,26,71,29,57,56,27,11,26,71,38,57,56,27,20,35,72,32,60,56,40,11,26,71,15,56,56,27,11,25,71,23,57,56,27,11,25,71,0,57,56,25,11,26,71,6,57,56,26,11,26,71,20,57,56,28,15,15,35,14,21,31,14,14,29,71,9,58,56,17,11,26,72,76,57,56,27,19,23,71,14,59,56,19,13,27,72,14,57,56,30,16,32,71,46,59,56,44,12,26,71,8,57,56,20,11,26,71,7,57,56,25,11,26,71,0,57,56,25,12,27,71,52,57,56,32,10,11,55,8,31,49,9,11,26,71,60,57,56,28,14,29,71,20,58,56,27,11,26,71,57,56,26,12,15,70,7,53,57,9,15,26,71,7,59,57,12,12,26,71,9,57,56,31
2019-02-10,14,27,70,45,52,57,29,16,30,69,27,53,57,37,23,28,69,24,52,57,28,12,25,69,14,52,57,23,14,27,70,33,52,57,29,12,26,70,27,52,57,23,12,26,70,35,52,57,23,17,31,70,19,53,57,29,12,26,69,10,52,56,22,12,26,70,25,52,57,23,12,26,69,5,52,57,21,12,26,70,14,52,57,22,13,26,70,26,52,56,25,11,12,32,11,18,29,11,15,29,70,10,53,57,16,12,26,70,25,52,56,22,21,23,70,16,55,57,19,13,26,70,10,52,57,24,17,31,69,43,53,56,40,13,26,69,7,52,57,16,13,26,69,7,52,57,22,12,26,70,0,52,57,21,13,27,70,53,52,57,28,10,11,54,8,29,49,9,13,26,70,66,52,57,24,15,29,70,18,53,57,24,12,25,70,52,57,22,12,15,69,7,48,57,9,19,28,70,9,55,58,13,13,26,70,10,52,57,28
2019-02-17,16,27,71,53,53,58,32,21,32,72,32,53,58,42,27,31,71,28,53,59,31,15,26,72,38,52,58,26,16,27,72,30,52,58,30,15,26,71,26,52,58,25,15,26,72,40,52,58,26,19,30,71,17,52,58,27,15,26,71,16,52,58,25,15,25,72,20,52,58,25,15,26,71,5,52,58,24,15,26,71,12,52,58,25,15,26,72,21,52,58,27,12,13,34,12,18,30,12,18,30,71,10,53,58,17,15,25,72,19,52,58,24,20,21,71,10,53,58,16,16,27,72,14,52,58,29,20,32,71,46,54,58,42,15,26,72,9,52,58,19,15,25,71,5,52,58,22,14,25,72,0,52,58,24,16,26,72,46,52,58,29,11,12,56,9,30,50,10,15,26,72,46,52,58,25,17,27,71,15,53,58,23,15,26,72,52,58,24,15,17,71,9,49,58,10,19,26,72,7,53,59,11,16,26,72,14,52,58,33
2019-02-24,15,26,72,44,51,54,33,18,30,72,30,52,54,41,29,32,71,31,54,55,36,13,25,72,37,50,54,29,15,27,73,38,51,54,35,13,25,72,36,51,54,29,13,25,72,35,50,54,28,18,30,72,18,51,54,29,13,25,72,9,50,53,27,13,25,72,19,50,54,28,13,25,72,18,50,54,27,13,25,72,10,50,53,27,14,25,72,20,50,54,29,11,11,32,10,17,28,10,20,33,73,18,53,54,25,13,25,72,63,50,53,28,37,35,74,38,59,55,44,14,26,72,11,50,54,29,18,32,72,43,52,54,43,14,26,72,8,50,54,20,13,25,72,5,50,54,24,13,25,72,0,50,54,26,14,26,72,52,51,54,33,10,11,54,9,29,47,9,13,26,72,81,51,54,30,15,27,72,16,51,54,25,13,25,72,50,54,27,13,15,71,8,47,55,10,16,24,72,6,52,54,10,14,25,72,9,51,54,32
2019-03-03,15,27,80,37,52,68,32,19,30,80,29,53,67,41,29,33,79,32,55,68,37,13,26,80,23,52,68,29,15,28,80,34,52,68,35,14,26,80,41,52,67,30,14,26,80,47,52,68,29,17,29,80,18,52,67,30,13,26,80,13,52,67,29,14,26,81,29,52,68,30,13,26,80,18,52,68,27,13,26,80,7,52,67,28,13,26,80,15,52,67,29,11,12,35,11,18,33,11,16,27,80,9,53,67,17,13,26,80,19,52,68,28,23,24,80,17,54,68,22,14,27,80,12,52,68,30,18,32,80,42,53,67,42,14,26,80,10,52,68,21,14,26,80,6,52,68,25,13,26,80,10,52,68,27,14,27,80,49,52,68,33,10,12,60,9,30,58,9,13,26,80,51,52,68,30,16,28,80,16,53,68,26,13,26,81,52,68,28,13,16,79,8,48,68,10,16,24,80,5,53,68,10,14,26,80,8,52,68,32
2019-03-10,15,29,73,41,52,65,28,17,31,72,27,53,65,36,26,31,72,28,54,66,31,13,27,72,24,52,65,23,14,28,73,23,52,65,26,13,28,72,37,53,65,24,13,28,72,66,52,65,25,17,31,72,16,52,65,25,13,27,73,7,52,65,21,13,27,73,25,52,65,23,13,27,73,14,52,65,21,13,27,72,6,52,65,22,13,27,72,10,52,64,22,26,27,45,26,31,43,26,17,31,73,10,53,65,17,13,27,73,19,52,64,21,20,23,72,13,54,65,18,13,28,73,8,52,65,23,18,33,72,47,53,65,42,14,28,73,9,52,65,17,13,27,73,5,52,65,20,13,27,72,0,52,65,21,14,28,72,57,53,65,28,9,11,54,8,28,55,8,13,28,72,58,52,65,24,15,30,72,16,53,65,23,13,27,72,52,65,21,13,17,72,8,48,65,9,18,28,72,7,54,65,11,14,27,72,9,53,65,26
2019-03-17,13,28,72,36,56,57,29,16,32,72,30,57,57,40,24,31,71,27,57,58,31,11,27,72,31,56,57,26,13,30,73,34,56,57,32,12,28,72,36,56,57,26,12,28,72,51,56,57,26,16,32,73,18,57,57,28,12,28,72,37,56,57,28,11,27,72,16,56,57,25,11,27,72,19,56,57,24,11,27,72,8,57,57,24,11,27,73,10,56,57,25,14,15,35,14,21,32,14,16,32,73,13,57,57,20,11,27,72,26,56,57,24,17,23,72,12,58,57,17,13,29,72,11,56,57,27,17,34,72,49,57,57,45,12,29,72,11,56,58,20,12,27,73,5,56,57,23,11,27,72,10,56,57,24,13,30,72,57,57,57,30,10,11,56,8,30,49,9,12,27,73,56,56,57,26,14,30,72,17,57,57,25,11,27,73,56,57,24,11,15,71,7,51,58,9,14,26,72,5,57,58,10,13,30,73,17,57,57,36
2019-03-24,15,28,72,41,54,61,29,19,32,71,29,55,61,38,25,29,70,25,56,63,29,14,27,72,17,54,62,24,15,28,72,26,54,61,29,14,27,72,19,54,61,24,15,27,72,70,54,61,27,17,31,72,17,54,62,26,14,27,72,18,54,61,24,14,27,72,17,54,61,24,14,27,72,5,54,61,23,14,27,72,8,54,61,24,14,27,72,15,54,61,25,14,14,35,13,20,33,13,18,31,72,11,55,61,18,14,27,72,26,54,61,23,20,23,71,12,55,62,16,15,27,72,11,54,62,26,19,34,71,48,56,61,43,14,27,72,6,54,62,17,15,27,72,6,54,61,22,14,27,72,10,54,61,23,15,28,72,52,55,62,29,10,11,54,8,29,53,9,14,27,72,41,54,62,25,20,32,72,26,56,62,30,14,27,72,54,62,23,12,15,70,6,50,62,8,18,27,72,6,55,62,10,15,27,72,8,55,62,28
2019-03-31,25,28,71,41,53,60,32,27,30,71,26,54,60,37,36,32,70,30,55,61,35,23,26,71,18,53,60,28,25,28,71,26,53,60,31,24,27,71,29,53,60,27,24,26,71,39,54,60,28,29,31,72,19,54,61,30,24,27,71,18,53,60,28,24,26,71,20,53,60,28,23,27,71,28,54,60,27,24,27,71,16,53,60,28,23,27,71,14,53,60,28,12,12,32,11,18,30,11,30,33,72,17,55,60,23,23,26,71,26,53,60,27,29,22,71,12,55,60,18,24,27,71,10,53,60,28,26,32,71,43,54,60,41,24,27,71,11,54,60,21,24,27,71,5,53,60,24,23,26,71,21,53,60,27,25,27,71,57,54,60,33,11,11,54,7,29,52,8,24,27,71,44,53,60,28,33,37,73,49,57,61,47,23,26,72,53,60,27,19,16,71,8,49,61,10,23,23,71,3,54,60,8,24,26,72,7,54,60,30
2019-04-07,13,26,69,42,49,59,27,16,28,69,26,50,59,36,26,30,69,30,51,61,32,12,25,69,33,48,59,23,13,26,69,24,48,59,26,11,25,69,29,49,59,23,12,25,69,34,48,59,23,19,32,69,27,51,60,34,11,25,69,14,48,59,22,12,24,69,29,49,59,23,11,25,69,18,49,59,21,11,25,69,17,49,59,23,12,25,69,17,48,59,23,13,13,32,12,18,31,12,17,30,69,15,50,59,21,11,25,69,19,49,59,21,17,21,69,12,50,60,16,13,26,69,11,48,59,25,16,31,69,44,51,59,40,12,25,70,8,48,59,17,12,25,69,5,48,59,19,11,25,69,0,49,59,21,12,25,69,38,49,59,25,9,10,52,7,27,51,8,12,25,69,60,49,59,23,16,28,69,23,50,60,27,11,25,70,49,59,21,12,15,68,7,45,60,8,14,23,69,5,50,60,9,12,24,70,7,49,59,25
2019-04-14,14,27,65,45,48,60,29,17,31,65,30,49,59,37,24,29,64,26,49,60,29,12,26,65,27,47,59,23,13,27,65,21,47,59,25,12,27,65,34,48,59,23,12,26,65,42,48,59,23,16,31,65,19,48,60,27,12,26,65,10,47,59,22,12,26,65,18,48,59,22,12,26,65,19,48,59,21,12,26,65,9,48,59,22,12,26,65,15,48,59,23,15,16,34,15,21,32,15,15,28,65,10,48,59,17,12,26,65,20,48,59,22,19,23,65,13,49,59,18,13,27,65,11,48,59,24,18,33,65,49,50,59,43,13,27,65,11,48,60,18,13,27,65,8,48,60,22,12,26,65,0,48,59,21,12,27,65,38,48,60,25,9,11,49,7,26,50,8,12,27,65,48,48,60,23,14,28,65,16,49,59,23,12,26,65,48,59,22,12,15,63,7,44,60,9,13,23,65,3,48,60,7,12,26,65,5,48,60,24
2019-04-21,13,30,70,37,49,58,28,16,32,70,27,50,58,37,25,33,70,29,52,59,32,12,29,71,46,49,58,27,13,32,71,32,49,58,31,12,29,71,38,49,58,25,11,28,71,35,49,58,25,17,35,71,23,49,58,32,12,29,71,23,49,58,25,11,28,71,23,49,58,25,11,28,70,19,49,58,23,11,28,71,7,49,58,24,11,29,71,14,49,58,24,10,11,31,10,17,29,10,15,33,71,11,50,58,18,11,29,71,53,49,58,24,17,24,71,12,50,58,17,12,29,71,9,49,58,25,15,34,70,43,50,58,40,12,29,71,10,49,58,19,17,36,71,40,51,59,45,11,28,71,0,49,58,23,12,29,71,39,49,58,27,9,11,53,7,27,50,8,12,29,71,60,49,58,26,13,31,71,14,50,58,22,11,28,71,49,58,24,11,16,69,6,45,58,8,15,29,72,7,51,58,11,12,28,71,5,49,58,26
2019-04-28,13,29,69,48,50,61,29,15,31,68,27,50,60,36,23,29,67,25,50,62,28,12,28,68,33,49,61,24,13,28,68,22,49,60,25,11,28,68,36,49,61,23,12,27,68,38,49,60,23,16,33,68,20,50,61,29,12,28,68,18,49,60,23,11,27,69,16,49,60,22,11,28,68,28,49,60,22,11,27,68,12,49,61,22,12,27,68,11,49,60,23,13,14,33,13,19,32,13,14,30,69,9,50,60,16,11,27,68,19,49,60,22,18,24,69,13,50,61,17,13,28,68,12,49,60,25,18,35,68,55,51,61,47,12,28,69,6,49,61,16,11,27,68,3,49,61,19,11,27,68,10,49,60,22,12,28,68,24,49,61,24,9,11,52,8,27,52,9,12,28,68,70,49,61,24,14,30,68,16,50,61,23,11,27,68,49,60,21,10,15,67,5,44,60,8,19,30,69,10,52,61,14,12,27,68,4,49,61,24
2019-05-05,12,27,66,39,46,58,28,19,34,66,45,49,57,50,23,28,65,26,48,58,29,10,26,66,16,45,57,22,12,27,66,29,46,57,28,10,26,66,27,46,57,23,10,26,66,38,46,57,23,14,29,66,17,47,58,26,10,26,66,10,46,57,22,10,26,66,19,46,57,23,10,26,66,14,46,57,21,10,26,66,9,46,57,22,10,26,66,8,46,57,23,11,12,30,11,17,29,11,14,28,66,10,47,57,16,10,26,66,32,46,57,22,15,21,65,11,47,57,16,11,27,66,12,46,57,25,18,34,66,55,49,58,47,11,27,66,11,46,57,18,10,26,66,5,46,57,20,10,26,66,10,46,57,22,11,27,66,42,46,57,27,8,10,49,7,25,49,7,11,26,66,73,46,57,25,12,27,65,14,47,58,21,10,26,66,46,58,22,10,14,65,6,42,57,8,12,23,66,4,47,58,8,11,25,66,5,46,57,24
2019-05-12,11,26,71,40,50,69,30,15,30,71,30,51,69,41,23,29,70,27,51,70,31,10,25,71,40,50,69,27,11,26,71,27,50,69,29,10,25,71,28,50,68,26,10,25,71,34,50,69,26,15,30,72,19,50,69,29,10,25,71,6,50,69,24,10,25,71,9,50,69,24,10,25,71,5,50,69,24,10,25,71,10,50,69,25,10,25,71,15,50,69,26,10,10,32,9,16,34,9,15,30,71,14,51,69,20,10,25,71,26,50,69,24,17,22,71,13,51,69,19,11,26,71,10,50,68,26,16,32,71,46,51,69,43,10,25,71,7,50,69,18,10,25,71,5,50,69,22,10,25,71,0,50,69,24,11,26,71,50,50,69,29,8,10,54,6,26,58,7,10,26,71,71,50,69,28,12,28,71,18,51,68,25,9,25,72,50,69,24,10,15,70,6,46,69,8,12,23,71,4,51,69,9,10,25,71,3,50,69,25
2019-05-19,13,26,68,56,47,61,34,14,27,67,26,47,61,37,23,28,67,26,48,62,29,11,23,68,17,46,61,26,12,25,68,21,46,61,28,11,24,68,18,46,61,25,11,24,68,24,46,61,25,14,27,68,17,47,62,27,10,24,68,3,46,61,24,11,24,68,12,46,62,25,10,24,67,5,46,61,24,10,24,68,7,46,61,26,11,23,68,9,46,61,25,10,11,30,10,16,30,10,15,26,68,11,47,62,18,10,24,68,19,46,61,25,22,25,68,21,50,62,25,12,24,68,9,46,61,26,16,30,68,43,48,61,42,12,24,68,9,46,61,19,14,27,68,27,47,62,37,10,24,68,0,46,61,24,12,24,68,48,46,62,30,9,10,52,7,26,52,8,11,24,68,66,46,62,27,14,26,68,19,47,62,27,10,24,68,46,62,24,10,13,67,6,42,61,8,12,21,68,3,47,61,8,11,23,68,4,46,61,27
2019-05-26,13,23,70,54,47,55,27,15,26,69,30,47,55,36,25,28,69,29,49,57,31,10,20,69,21,46,56,18,11,22,70,19,46,56,21,10,20,69,26,46,55,18,10,20,70,32,46,55,19,14,26,70,18,47,56,24,10,20,69,15,46,55,19,10,20,70,17,46,55,18,10,20,70,23,46,55,18,10,20,69,10,46,55,18,10,20,70,9,46,55,18,10,10,31,9,16,28,9,14,25,69,12,47,56,16,10,20,70,13,46,55,17,19,21,70,16,49,56,19,11,22,69,9,46,55,20,15,27,70,44,47,56,38,11,22,70,10,46,56,15,13,25,70,25,47,56,31,10,20,70,21,46,56,17,11,22,69,50,46,55,23,10,11,54,8,27,47,9,10,21,70,61,46,55,20,14,25,69,20,47,56,23,10,20,70,46,55,17,11,13,68,6,43,56,8,14,22,70,7,48,56,10,10,21,70,5,46,55,20
2019-06-02,11,23,69,44,45,64,30,14,26,68,28,46,65,38,23,28,68,29,48,66,32,9,22,69,27,44,65,25,10,23,69,22,45,64,26,9,22,69,33,45,64,26,9,22,69,23,45,64,24,14,25,68,18,45,65,27,9,22,69,16,44,64,24,9,22,69,21,45,64,25,9,22,68,0,44,64,23,9,22,69,12,44,64,25,9,22,69,7,44,64,24,14,14,33,13,19,35,14,12,24,68,9,45,64,17,9,22,69,25,44,64,24,15,19,68,12,47,65,17,9,22,69,6,44,64,23,14,27,68,42,46,64,39,10,23,69,11,45,65,19,10,22,69,8,45,65,24,9,22,69,10,44,64,24,10,23,69,53,45,65,30,9,10,52,7,25,55,8,9,22,69,67,44,65,26,15,29,69,34,48,65,36,9,22,69,44,65,24,9,13,67,6,40,64,8,12,21,69,5,46,65,9,9,21,69,3,45,64,25
2019-06-09,10,23,69,39,47,63,27,15,27,69,30,49,63,39,21,27,68,26,48,63,29,9,22,69,14,46,63,22,10,23,69,17,46,63,23,9,22,69,14,47,63,21,9,22,69,40,47,63,23,14,26,69,19,47,63,27,9,22,69,12,46,63,22,9,22,69,16,47,63,22,9,22,69,14,47,63,21,9,22,69,12,47,63,22,9,22,69,9,47,62,22,13,14,32,13,19,33,13,14,26,69,12,48,63,18,9,22,69,25,47,63,21,16,19,69,12,48,63,17,9,22,69,4,46,63,20,14,29,69,47,49,62,41,10,23,69,8,46,63,17,9,23,69,6,47,63,20,9,22,69,0,47,63,21,11,24,69,82,48,63,31,8,10,52,7,26,53,7,9,22,69,38,47,63,23,15,28,70,30,49,64,33,9,22,69,47,63,21,9,13,68,6,43,63,8,11,20,69,4,47,63,8,9,22,69,3,47,63,22
2019-06-16,10,22,65,42,47,60,30,14,25,66,28,48,60,39,22,26,66,27,49,61,30,9,21,65,40,47,60,27,10,22,66,23,47,60,28,9,20,66,29,47,60,26,8,20,66,38,47,60,26,13,24,66,16,47,60,26,8,20,66,19,47,60,25,8,20,66,17,47,60,26,8,20,66,18,47,60,25,8,20,66,18,47,60,26,8,20,66,10,47,60,26,10,10,29,9,16,29,9,16,28,67,18,49,60,25,8,20,66,45,47,60,25,16,19,66,13,49,60,19,9,21,66,7,46,60,24,14,28,65,47,49,60,44,9,21,66,8,47,60,19,9,21,65,4,47,60,22,8,20,66,10,47,60,24,10,22,66,68,47,60,33,8,9,50,7,26,51,7,9,22,66,77,47,60,28,16,29,67,38,50,61,39,8,20,66,47,60,25,9,13,65,7,43,60,9,12,21,66,6,48,60,11,9,21,66,4,47,60,27
2019-06-23,11,22,67,41,47,59,26,14,25,66,26,48,60,34,23,27,66,28,49,60,30,9,20,66,19,47,59,21,11,22,67,21,47,59,23,10,20,67,28,47,59,20,10,20,67,47,47,59,22,14,24,67,16,47,59,25,9,20,67,14,47,59,21,9,20,67,17,47,59,20,9,20,67,5,47,59,20,9,20,67,14,47,59,21,9,20,67,7,47,59,20,10,11,30,10,16,30,10,16,28,68,17,49,60,21,9,20,67,6,47,59,20,15,19,66,12,48,59,16,10,21,66,4,47,59,18,15,27,67,46,49,59,41,10,22,67,7,47,59,16,10,21,66,5,47,60,18,9,20,67,10,47,59,20,11,22,67,61,47,60,27,8,9,51,6,26,50,7,10,22,67,58,47,59,22,13,25,67,22,48,60,25,9,20,67,47,59,20,10,13,66,7,43,60,8,11,19,66,3,47,59,6,10,20,67,3,47,59,21
2019-06-30,10,21,63,37,43,57,25,14,25,64,30,44,57,36,21,26,63,26,46,58,28,9,19,64,19,42,57,20,10,19,64,17,42,57,21,9,19,63,23,42,57,20,9,19,64,43,42,57,21,12,23,64,14,43,57,22,9,20,64,39,42,57,23,9,19,64,19,42,57,20,9,19,63,19,42,57,19,9,19,63,37,42,57,22,9,19,64,9,42,56,19,10,10,29,9,15,28,10,17,28,64,20,46,57,24,8,19,64,13,42,56,19,13,17,63,9,44,57,14,9,19,64,3,42,56,17,15,27,64,48,45,57,41,9,19,64,8,42,57,15,9,19,63,5,42,57,18,8,19,64,0,42,57,19,10,20,63,44,43,57,24,8,9,48,7,24,49,7,9,19,64,41,42,57,21,12,23,64,18,44,57,22,8,19,64,42,57,19,9,12,63,7,40,57,8,11,19,64,4,43,57,8,9,19,64,4,43,57,21
2019-07-07,11,24,68,45,46,58,27,15,27,67,30,48,58,37,23,27,66,27,49,59,30,10,23,68,37,46,58,21,10,23,68,14,46,58,20,10,23,68,34,46,58,21,10,23,68,62,47,58,22,13,26,67,17,47,58,24,10,23,68,34,47,57,22,10,23,68,23,46,58,21,9,23,68,42,46,58,20,9,23,68,16,46,58,20,10,23,68,12,46,57,20,9,10,29,9,15,28,9,25,39,70,35,51,59,38,9,23,68,6,46,57,19,15,19,67,11,48,58,15,10,23,68,6,46,58,19,15,30,68,46,48,58,41,10,24,68,9,47,58,16,10,23,68,4,46,58,17,9,23,68,0,46,58,19,11,24,68,57,47,58,26,9,10,51,7,26,49,8,10,23,68,53,46,58,21,12,25,68,17,47,58,22,9,23,68,46,58,19,11,14,66,7,43,58,9,12,22,68,5,47,58,9,10,23,68,6,47,58,23
2019-07-14,12,25,68,46,47,56,27,15,28,67,30,48,56,37,23,28,66,27,49,56,29,10,23,67,32,46,56,21,11,25,68,24,46,56,25,10,23,67,26,46,56,21,10,24,67,41,46,56,21,14,26,67,16,47,56,23,10,24,67,26,46,56,22,10,23,68,15,46,56,20,10,23,67,9,46,56,19,10,23,67,9,46,56,19,10,24,67,13,46,55,21,9,9,29,8,15,27,8,23,36,69,30,51,57,32,10,23,67,13,46,56,19,16,20,67,12,48,56,16,10,23,67,6,46,55,19,14,29,67,44,48,56,39,10,24,68,7,46,56,15,10,23,67,4,46,56,17,10,23,67,21,46,56,19,11,24,67,50,47,56,25,10,11,51,9,27,49,9,10,23,67,34,46,56,21,12,26,67,16,47,55,21,9,23,68,46,56,19,12,15,66,8,44,56,9,13,22,67,5,47,56,9,10,23,67,4,46,56,21
2019-07-21,13,23,63,51,53,53,31,15,26,63,29,54,53,38,24,28,63,29,56,54,33,10,21,63,18,53,53,24,12,23,63,18,53,53,25,11,22,63,28,53,53,25,11,22,63,42,53,53,25,16,27,63,23,55,53,32,11,21,63,15,53,53,24,11,20,63,14,53,53,23,10,21,63,14,53,53,23,10,21,63,8,53,53,23,11,21,63,10,53,52,24,10,11,29,10,17,27,10,19,31,65,22,56,53,27,10,21,63,33,53,53,23,16,18,63,10,54,53,15,11,22,63,5,53,53,22,15,27,63,40,55,53,39,11,22,63,7,53,53,17,11,22,63,5,53,53,22,10,21,63,0,53,53,22,12,23,63,55,54,53,29,9,10,48,8,29,45,8,10,21,63,35,53,53,24,12,23,63,13,53,53,21,10,21,63,53,53,23,11,13,63,7,49,53,9,12,20,63,4,54,53,8,11,20,63,4,53,53,25
2019-07-28,11,25,61,39,51,58,30,15,28,61,30,53,58,41,24,29,61,29,53,58,32,9,24,61,25,51,58,26,10,24,61,12,51,57,24,9,24,61,18,51,58,25,10,24,61,38,51,58,26,14,27,61,18,52,58,28,10,24,61,16,51,58,26,9,24,61,18,51,58,24,9,24,61,14,51,58,25,9,24,61,15,51,57,26,9,24,61,12,51,57,26,10,11,29,10,17,29,10,17,32,62,20,54,58,26,9,24,61,20,51,58,25,14,19,60,10,53,58,16,10,24,61,4,51,58,23,14,30,61,46,53,58,43,10,24,61,7,51,58,18,10,24,61,6,51,58,23,9,24,61,0,51,58,24,11,25,61,61,52,58,31,8,10,46,7,27,49,8,10,24,61,65,51,58,27,11,25,61,14,52,58,23,9,24,61,51,58,25,11,15,60,7,48,58,9,11,22,61,4,52,58,9,10,23,61,5,52,58,27
2019-08-04,11,26,63,46,72,54,28,15,28,62,30,73,54,39,23,28,61,27,71,55,30,9,25,62,36,72,54,23,10,25,62,22,71,54,25,9,25,62,29,72,54,23,9,25,62,38,72,54,22,14,27,62,17,72,54,26,10,25,62,32,72,54,24,9,24,62,21,72,54,22,9,24,62,29,72,54,21,9,24,62,8,72,54,21,9,24,62,9,72,53,22,9,9,28,8,18,26,9,16,31,63,18,74,54,24,9,24,62,33,72,53,21,15,20,62,12,73,54,16,9,24,62,4,71,54,20,14,31,62,45,72,53,41,10,25,63,9,72,54,17,9,24,62,5,72,54,19,9,24,62,0,72,54,21,10,25,62,47,72,54,26,10,11,48,8,37,47,9,9,25,62,43,72,54,23,12,26,62,15,72,54,22,9,24,62,72,54,21,13,16,62,10,67,54,11,11,22,62,4,72,54,8,10,24,62,5,72,54,24
2019-08-11,12,25,68,43,55,55,27,16,28,67,32,57,55,39,25,30,67,29,57,56,31,11,24,67,26,55,55,21,11,25,68,19,55,55,23,11,24,68,39,55,55,22,11,24,68,43,55,55,22,14,27,68,16,55,55,24,11,24,68,18,55,55,22,11,24,68,12,55,55,21,11,24,68,23,55,55,20,10,24,68,8,55,55,21,10,24,68,4,55,55,20,9,10,30,9,17,28,9,21,34,69,23,58,56,27,10,24,68,52,55,55,21,17,21,68,13,56,55,17,11,24,67,8,55,55,21,15,30,67,42,56,55,38,11,25,68,8,55,55,16,11,25,68,7,55,55,20,11,24,67,63,55,55,20,12,25,67,59,56,55,27,10,12,52,9,31,48,10,11,24,68,69,55,55,23,13,26,68,16,56,55,22,10,24,68,55,55,20,12,15,67,8,51,56,10,12,22,67,4,56,55,8,11,24,68,4,55,55,22
2019-08-18,11,26,67,40,49,53,28,15,30,66,30,50,53,38,23,29,65,27,51,54,30,9,25,66,22,49,53,23,10,26,66,20,49,53,25,9,25,66,27,49,53,23,9,25,66,17,49,53,22,13,28,66,16,49,53,24,9,25,66,9,49,53,22,9,25,66,24,49,53,23,9,25,66,14,49,53,22,9,25,67,9,49,53,22,9,25,67,7,49,52,23,10,10,30,9,16,27,10,15,31,67,15,51,54,21,9,25,66,6,49,53,22,15,22,66,12,50,54,17,10,26,66,9,49,53,24,14,31,66,43,50,53,40,10,26,66,9,49,53,18,10,25,66,7,49,53,22,9,25,66,0,49,53,22,10,26,67,57,49,53,28,10,11,51,9,28,47,9,10,25,67,55,49,53,24,13,28,66,19,50,53,24,9,25,67,49,53,22,12,15,66,8,46,54,10,11,22,66,3,49,53,7,9,24,67,4,49,53,24
2019-08-25,12,24,67,44,48,49,26,15,29,67,31,49,49,38,24,29,66,29,51,50,31,10,23,67,27,47,49,20,11,25,67,26,47,49,24,10,23,67,28,48,49,20,10,23,67,25,47,49,19,13,26,66,15,48,49,23,10,24,67,22,47,49,20,10,23,67,17,47,49,19,10,23,67,4,47,49,18,10,23,67,8,47,49,19,10,23,67,12,47,49,20,10,11,30,10,17,26,10,14,27,68,12,49,49,17,10,23,67,31,47,49,19,17,21,67,13,49,49,16,11,24,67,12,48,49,23,16,30,67,48,49,49,41,11,24,67,8,48,49,15,10,23,67,6,47,49,18,10,23,67,0,47,49,18,11,24,67,60,48,49,25,10,11,52,9,28,43,10,10,23,67,56,47,49,21,12,24,67,13,48,49,19,10,23,67,47,49,18,15,17,67,10,47,50,13,12,21,67,4,48,49,8,10,23,67,4,48,49,20
2019-09-01,12,24,66,45,52,51,26,16,28,66,31,53,51,38,23,27,66,26,53,52,28,11,23,66,19,52,51,20,12,24,67,21,52,50,23,11,23,66,36,52,51,21,11,23,66,21,52,50,19,15,27,66,18,52,51,25,11,23,66,9,52,50,19,11,23,66,13,52,51,19,10,23,66,0,52,51,19,11,23,66,18,52,50,21,11,23,67,15,52,50,21,9,9,29,8,16,25,8,15,27,67,12,53,51,17,10,23,66,31,52,50,19,20,22,67,16,55,51,19,12,24,67,14,52,51,24,17,30,66,48,54,51,41,11,23,66,4,52,51,14,12,23,66,9,52,51,21,10,23,66,0,52,51,19,12,23,66,43,52,51,24,9,10,50,7,28,44,8,11,23,67,47,52,51,21,13,25,67,16,52,51,21,10,23,67,52,50,19,12,14,65,7,47,51,9,11,19,66,2,52,51,6,11,22,67,4,52,51,21
2019-09-08,11,28,68,43,58,56,26,15,32,68,30,59,56,37,24,32,68,28,59,57,32,10,27,68,23,58,56,21,11,28,68,24,58,56,24,10,27,68,25,58,56,21,10,27,68,51,58,56,22,14,31,68,19,59,56,26,10,27,68,8,58,56,20,10,27,68,27,58,56,22,10,27,68,13,58,56,19,10,27,68,11,58,56,20,10,27,68,10,58,56,21,11,12,32,11,18,29,11,17,34,68,18,60,56,23,9,27,68,12,58,55,19,21,26,69,18,61,56,22,12,30,68,19,59,56,28,14,33,67,45,60,55,39,11,27,68,10,58,56,16,11,28,68,11,58,56,23,9,27,68,10,58,56,19,11,27,68,44,59,56,24,9,11,52,8,31,48,8,10,27,68,44,58,56,21,12,29,67,14,59,55,21,9,27,68,58,56,19,11,16,67,7,53,56,9,12,25,68,5,59,56,8,10,26,68,5,58,56,22
2019-09-15,12,29,71,46,54,56,30,16,34,72,34,55,57,43,24,32,71,29,55,58,33,10,28,71,27,53,57,24,12,29,71,30,53,56,28,10,28,71,40,54,56,24,10,28,71,29,53,56,23,14,32,71,18,54,57,27,10,28,71,17,53,56,24,10,28,72,13,54,57,23,10,28,71,4,53,56,22,10,28,71,7,53,56,23,10,28,71,8,53,56,23,13,14,34,13,20,30,13,17,35,73,17,56,57,23,10,28,72,12,54,56,23,70,61,79,99,76,62,97,12,30,72,16,53,56,29,15,34,71,44,55,56,41,11,28,72,7,53,57,17,12,29,72,11,54,56,25,10,28,71,10,53,56,22,11,29,72,57,54,57,29,8,10,53,7,28,48,7,10,28,72,42,53,56,24,13,31,72,17,55,57,24,10,28,72,53,56,22,10,16,70,6,48,56,8,12,25,71,3,54,56,8,11,28,72,4,54,56,25
2019-09-22,13,28,69,54,51,54,31,16,32,69,32,53,54,40,24,31,68,28,53,56,32,10,27,69,18,51,54,23,12,28,69,29,51,54,28,11,27,69,52,51,54,25,10,27,69,26,51,54,23,15,32,70,20,52,55,28,11,27,69,19,51,54,23,10,26,69,21,51,54,23,10,27,69,4,51,54,21,10,27,69,10,51,54,22,10,27,69,12,51,53,23,10,12,31,10,17,28,10,16,33,70,15,53,54,21,10,27,69,42,51,53,23,41,40,73,49,62,57,52,12,28,69,15,51,54,27,14,32,69,41,53,54,39,11,27,69,10,51,54,18,11,27,69,9,51,54,23,10,27,69,20,51,54,22,11,27,69,39,51,54,26,10,11,53,8,29,47,9,11,27,69,64,51,54,25,13,30,69,18,52,54,24,10,27,69,51,54,22,11,16,68,7,47,55,9,12,23,69,3,51,54,7,11,26,69,4,51,54,24
2019-09-29,11,32,68,41,48,52,27,16,36,68,34,50,52,40,21,31,66,25,49,53,27,9,30,68,16,47,52,21,11,32,68,28,47,52,26,10,31,68,37,48,52,22,10,30,68,30,48,52,21,14,34,68,17,48,52,25,9,31,68,18,48,52,21,10,30,68,21,48,52,21,9,30,68,22,48,52,20,9,30,68,10,48,52,21,9,30,68,12,48,52,21,9,10,30,9,16,26,9,15,36,69,16,50,52,20,9,30,68,6,48,52,20,42,43,71,51,59,55,53,11,32,68,14,48,52,25,14,36,68,43,49,52,39,10,31,68,7,48,52,15,10,31,68,8,48,52,21,9,30,68,0,48,52,20,10,31,68,42,48,52,24,8,11,52,7,26,44,8,10,31,68,46,48,52,22,13,33,67,19,49,52,24,9,30,68,48,52,20,9,16,67,6,43,52,8,11,27,68,4,48,52,7,10,30,68,4,48,52,22
2019-10-06,13,32,70,68,47,52,32,18,36,70,38,49,52,43,23,32,69,27,49,54,29,11,30,70,40,46,51,21,12,31,70,27,47,51,25,11,30,70,34,47,51,20,11,30,70,38,47,51,20,14,32,70,14,47,51,22,10,29,70,15,46,51,20,10,29,70,15,47,51,20,10,29,70,0,46,51,18,10,29,70,9,47,51,19,11,30,70,13,47,51,20,9,10,31,9,16,26,9,33,53,73,51,55,54,53,10,30,70,24,47,51,19,31,34,71,33,53,53,35,13,31,70,18,47,51,26,16,35,70,44,48,52,38,24,44,72,100,51,53,55,11,30,70,5,46,52,18,10,30,70,10,47,51,19,11,30,70,46,47,51,24,8,10,53,6,25,44,7,11,30,70,37,46,52,20,12,31,70,14,47,52,20,10,30,70,47,52,19,11,17,69,7,43,52,9,12,26,70,4,47,52,8,11,29,70,3,47,51,20
2019-10-13,13,29,69,41,47,52,28,34,51,71,100,54,54,100,24,31,68,26,49,54,30,11,28,69,20,46,52,23,13,30,69,29,47,52,28,11,28,69,24,47,52,24,11,28,69,40,47,52,24,16,32,69,20,48,53,29,11,29,69,20,47,52,24,11,28,69,14,47,52,23,11,27,69,13,47,52,22,11,27,69,10,47,52,23,11,27,69,16,47,52,24,10,11,31,10,16,27,10,17,33,70,16,48,53,21,11,27,69,18,47,52,22,21,26,69,17,50,53,21,13,29,69,15,47,52,28,15,32,68,38,48,52,37,13,30,69,14,47,52,20,12,29,69,7,47,52,22,11,27,69,0,47,52,22,12,30,69,60,47,52,30,8,10,51,6,25,44,7,11,29,69,50,47,52,24,14,31,69,18,48,52,24,11,27,69,47,52,22,11,16,68,7,44,53,9,14,26,69,6,48,52,10,11,28,69,5,47,52,25
2019-10-20,13,27,71,38,48,49,26,24,39,72,59,53,51,64,25,31,70,28,50,51,30,11,26,71,27,48,50,22,13,27,71,24,48,49,25,12,27,71,70,48,49,25,11,26,71,30,48,50,22,44,59,74,100,58,53,100,11,26,70,13,48,49,21,11,25,70,13,48,50,21,11,26,70,26,48,50,21,11,26,71,10,48,50,21,11,26,71,14,48,49,22,9,9,30,8,15,25,8,16,30,71,13,49,50,18,11,26,71,36,48,49,21,19,23,70,14,50,50,18,13,27,70,14,48,50,25,16,31,71,42,50,49,38,12,26,71,9,48,50,16,12,26,71,8,48,50,21,11,26,71,0,48,50,20,12,27,71,48,49,50,26,8,10,53,6,26,42,7,12,26,71,60,48,50,23,17,32,71,29,50,50,31,11,26,71,48,50,20,11,14,69,6,43,50,8,13,24,70,3,49,50,7,12,25,71,5,48,50,23
2019-10-27,13,25,69,49,46,50,27,18,30,68,37,48,51,43,24,28,67,27,48,52,29,11,23,68,19,46,50,19,12,25,69,25,46,50,24,11,24,68,38,46,50,20,11,24,68,30,46,50,20,21,33,69,34,49,51,39,11,24,69,21,46,50,20,11,23,69,11,46,50,19,11,24,69,17,46,50,18,11,24,68,4,46,50,18,11,24,68,10,46,50,19,9,9,30,8,15,26,8,16,28,69,13,47,51,17,11,24,68,24,46,50,19,19,21,68,13,47,51,17,12,24,68,11,46,50,22,16,30,68,44,48,50,39,12,24,69,10,46,50,15,12,25,69,9,46,50,21,11,24,68,29,46,50,18,12,25,69,56,46,50,25,8,10,51,7,25,43,7,11,24,68,56,46,50,21,14,28,69,21,47,50,24,11,24,69,46,50,18,12,14,67,7,43,51,8,16,26,69,8,48,51,12,11,23,68,4,46,50,20
